"","station","year","month","atemp_nValid","atemp_min","atemp_median","atemp_max","atemp_mean","atemp_sd","atemp_iqr","rh_nValid","rh_min","rh_median","rh_max","rh_mean","rh_sd","rh_iqr","bp_nValid","bp_min","bp_median","bp_max","bp_mean","bp_sd","bp_iqr","wspd_nValid","wspd_min","wspd_median","wspd_max","wspd_mean","wspd_sd","wspd_iqr","maxwspd_nValid","maxwspd_min","maxwspd_median","maxwspd_max","maxwspd_mean","maxwspd_sd","maxwspd_iqr","wdir_nValid","wdir_min","wdir_median","wdir_max","wdir_mean","wdir_sd","wdir_iqr","totprcp_nValid","totprcp_total","dailyPAR_nValid","dailyPAR_min","dailyPAR_median","dailyPAR_max","dailyPAR_mean","dailyPAR_sd","dailyPAR_iqr"
"5653","soscmmet",2002,1,1686,-1.8,4.9,10,4.76791221826809,2.7263407994785,4,1687,40,92,99,88.4090100770599,10.1765489681349,13,1686,1008,1023,1030,1021.01364175563,6.42429948563113,11,2971,0.2,1.5,12.4,2.11353079771121,1.92352755894237,2,0,NA,NA,NA,NA,NA,NA,2971,0,193,355,183.605520026927,63.9987996243479,62,2971,374.8,31,2695.6,8553.7,18194.4,8489.72903225806,4003.11308593646,5096.3
"5654","soscmmet",2002,2,2688,1.2,8.1,16.9,8.20055803571429,2.84752252041313,4,2688,34,88,99,84.0085565476191,13.4254035345969,21,2688,995,1022,1036,1020.94605654762,7.08450712720068,10,2688,0.2,1.7,15.6,2.47120535714286,2.4115627751471,2.5,0,NA,NA,NA,NA,NA,NA,2688,0,169,355,152.385044642857,91.4826566702846,93.25,2688,110.9,28,2485.3,17914.65,28490.9,17108.2285714286,6667.79925373,8962.4
"5655","soscmmet",2002,3,2976,0.2,7.4,16.5,7.11088709677419,3.13847296048877,4.5,1691,28,87,98,82.1910112359551,14.040922932181,20.5,1691,1005,1018,1029,1018.7137788291,5.57899001237277,9,2976,0.2,1.7,12.5,2.46528897849462,2.27029219986456,2.7,0,NA,NA,NA,NA,NA,NA,2976,0,168,355,152.535954301075,94.0978645805441,105,2976,158.3,31,5256.5,22700.1,40119.1,22911.8483870968,9673.55182270611,12855.6
"5656","soscmmet",2002,4,1615,2.3,9.1,13.7,8.68904024767802,1.81471269456259,2.2,1195,53,82,98,81.7355648535565,9.49488262478242,15,1195,1011,1020,1030,1020.35648535565,4.77922441007822,6,1983,0.2,3,13.7,3.46464952092789,2.66803895256046,3.7,0,NA,NA,NA,NA,NA,NA,1983,0,155,355,131.391830559758,117.546252029244,193,1983,20.5,23,317.6,32564.8,48127,29188.5869565217,14821.2583870204,23245.8
"5657","soscmmet",2002,5,2976,2.2,9.9,18.3,10.1291330645161,2.52283448454423,3.4,2976,51,85,98,83.5302419354839,9.59557457917309,15,2976,1005,1019,1027,1018.29603494624,4.96854621594233,7,2976,0.2,2.2,12.2,2.64307795698925,2.21368679177338,3.3,0,NA,NA,NA,NA,NA,NA,2976,0,165,355,145.090389784946,120.182481259668,207,2976,30.1,31,16753.9,47800.2,55391.5,42565.9580645161,11087.5707467348,11856.8
"5658","soscmmet",2002,6,2880,6.8,12.7,19.2,12.8070833333333,1.79036977519193,2.5,2880,51,89,99,87.1190972222222,8.84948333017851,12,2880,1009,1018,1026,1017.83472222222,3.29879027674602,5,2880,0.2,2.2,10.9,2.40520833333333,1.87636456077127,2.6,0,NA,NA,NA,NA,NA,NA,2880,0,154,354,141.185069444444,128.376222287315,218.25,2880,29.4,30,18565.3,41431.8,57636.1,40491.52,12788.0644956308,21705.5
"5659","soscmmet",2002,7,2976,8.1,13.3,18.2,13.3702956989247,1.79437722533989,2.325,2976,65,92,100,90.653561827957,6.57414907410936,9.25,2976,1012,1018,1025,1017.62768817204,2.54792573369227,4,2976,0.2,2.3,10.9,2.68057795698925,2.13986549533431,3.1,0,NA,NA,NA,NA,NA,NA,2976,0,56,355,140.878696236559,142.404361194359,300.25,2976,0.9,31,28698.7,47247.8,57788.5,46039.9032258065,9611.67981234234,15967.55
"5660","soscmmet",2002,8,2888,7.5,12.2,24.7,12.3299515235457,2.07519695320735,2.3,2888,38,95,100,92.3296398891967,8.94810855050492,9,2888,1009,1018,1026,1017.65927977839,3.63862640478404,5,2888,0.2,2,9.4,2.13483379501385,1.61157870094051,2.2,0,NA,NA,NA,NA,NA,NA,2888,0,130.5,355,151.03324099723,146.625880653227,319,2888,3.3,31,20414,43549.7,54795.3,41169.9709677419,10384.053905715,17792.9
"5661","soscmmet",2002,9,2880,7,12.1,20.7,12.2385763888889,2.32842084860303,3,2880,38,98,100,93.0302083333333,10.2748672736171,10,2880,1009,1015,1021,1014.94548611111,2.85765343606022,3,2880,0.2,1.5,10.3,1.88947916666667,1.77263667584776,2.6,0,NA,NA,NA,NA,NA,NA,2880,0,163,355,151.01875,130.299418709286,258,2880,21.7,30,14993.2,34592.85,45425.2,31917.09,9626.32492234634,17199.225
"5662","soscmmet",2002,10,2976,-0.1,9.7,19.1,9.35766129032258,2.73576900362651,3.5,2976,20,98,100,90.9220430107527,15.2158024222883,11,2976,1011,1018,1027,1018.05107526882,3.86556600306871,6,2976,0.2,0.2,11.6,1.32745295698925,1.74192852591111,1.8,0,NA,NA,NA,NA,NA,NA,2976,0,167,355,155.352150537634,117.992218723979,208,2976,11.8,31,5776,22702.3,33753.2,21257.235483871,7859.70340290898,12152
"5663","soscmmet",2002,11,2880,-0.2,11,20.5,10.3785763888889,3.57956688984279,4,2880,12,92,100,85.1288194444444,16.5516150179796,19.25,2880,988,1018,1031,1017.01111111111,8.59981429972381,8,2880,0.2,0.3,14,1.33947916666667,1.64637773468792,1.8,0,NA,NA,NA,NA,NA,NA,2880,0,171,354,165.352777777778,70.9375304968382,48,2880,138.9,30,3689.5,13609.65,22341.7,12628.75,5509.0450967258,8101.725
"5664","soscmmet",2002,12,2679,2.8,8.4,16.5,8.87013811123554,2.66185899266388,3.4,2679,34,93,100,89.3475177304964,10.5106628350028,12,2679,985,1014,1023,1011.49906681598,8.52916946514361,12,2679,0,1.1,26,1.7642030608436,2.15581062362505,2,0,NA,NA,NA,NA,NA,NA,2679,0,168,355,167.578574094812,48.1948342677355,40,2707,373.6,31,1.4,6217.5,14599,5985.21290322581,4272.37372153872,6858
"5665","soscmmet",2003,1,2975,3.6,10.6,16.6,10.3217478991597,2.93619682913283,4.7,2975,34,93,99,89.3189915966387,9.82845937281987,9,2975,1008,1019,1028,1018.06991596639,4.51029821701247,6,2975,0,1,11.8,1.67684033613445,1.79661512973647,1.8,0,NA,NA,NA,NA,NA,NA,2975,0,167,356,168.760336134454,57.4046272573278,42,2975,273.1,31,1348.1,6980.3,15476.3,8255.79677419355,4407.86375201441,7854.9
"5666","soscmmet",2003,2,2688,-0.9,8.2,16.5,7.47689732142857,2.95324409084139,4,2688,24,87,99,82.3519345238095,14.8261864857133,21,2688,1004,1018,1029,1017.27678571429,6.58505009769832,11,2688,0,0.9,9.2,1.51856398809524,1.56384338239868,1.8,0,NA,NA,NA,NA,NA,NA,2688,0,170,355,169.381324404762,97.7249737955653,74,2688,101.7,28,3694.2,18716.45,27135.1,16846.1428571429,5758.98928107847,9402.25
"5667","soscmmet",2003,3,2976,1.8,9.5,20.5,9.45890456989247,2.62267193467663,3.3,2976,35,90,98,86.3209005376344,9.84103123629843,14,2976,989,1017,1030,1015.75806451613,8.35103388057381,7,2976,0,1.5,13.7,1.99791666666667,1.81340175095431,2.2,0,NA,NA,NA,NA,NA,NA,2976,0,168,355,171.336021505376,68.7012775644659,46,2976,261.4,31,5749.7,20238.3,37719.8,20887.3838709677,9512.6349080612,14766.35
"5668","soscmmet",2003,4,2880,1.9,8.5,17.5,8.49868055555556,2.61977908237876,3.4,2880,41,88,97,83.4215277777778,11.8912851483452,19,2880,1000,1013,1024,1012.66770833333,5.20603614964931,8,2880,0,1.2,11.8,1.63576388888889,1.42659894504309,1.7,0,NA,NA,NA,NA,NA,NA,2880,0,170,355,173.422222222222,78.226713779846,55,2880,229.3,30,8890,28497.8,47280.7,28670.02,9937.89791071151,14319.775
"5669","soscmmet",2003,5,2976,2.4,11.2,17.8,10.8722446236559,2.5042785174066,3.1,2976,51,84,97,82.0487231182796,10.5274341108012,16,2976,1006,1018,1031,1017.66532258065,5.14817945435336,7,2976,0,1.5,10,2.00406586021505,1.78970734221744,2.5,0,NA,NA,NA,NA,NA,NA,2976,0,183,356,182.293010752688,128.681563186321,297.25,2976,44,31,18643.1,46940.2,56173.5,44263.0709677419,10238.349590899,14197.05
"5670","soscmmet",2003,6,2880,7.2,12.3,22.6,12.2504513888889,2.11001345851994,2.625,2880,33,86,98,84.9458333333333,8.82781825426042,12,2880,1008,1015,1023,1015.73263888889,3.61925939050478,5,2880,0,1.9,10.6,2.33701388888889,1.92959387386116,2.725,0,NA,NA,NA,NA,NA,NA,2880,0,200,356,200.115972222222,134.239262767583,302.25,2880,3.5,30,21305.9,52923.2,59666.9,48969.1,10365.7963657672,13660.725
"5671","soscmmet",2003,7,2976,7.6,13,20.5,13.2729166666667,2.13796707675505,3,2976,64,90,98,88.635752688172,7.01784414486909,10,2976,1013,1018,1023,1017.92036290323,1.92621246400605,2,2976,0,2,10.4,2.1997311827957,1.58799062132851,2.3,0,NA,NA,NA,NA,NA,NA,2976,0,269.5,355,209.919690860215,142.768181147881,323,2976,1.2,31,23808,50766.9,58320.3,47361.8161290323,10422.566635626,16301.25
"5672","soscmmet",2003,8,2976,7.8,13.6,21,13.8439180107527,2.4824202012948,3.4,2976,55,89,98,87.3299731182796,8.2973310763687,11,2976,1012,1017,1022,1016.87130376344,1.80099966091644,2,2976,0,1.6,11.3,2.03474462365591,1.69608619230739,2.325,0,NA,NA,NA,NA,NA,NA,2976,0,196,355,200.314180107527,131.565512634669,244.25,2976,4.7,31,14724,44286.5,52109.5,40060.3903225806,11092.678444312,12064.15
"5673","soscmmet",2003,9,2880,6,12.7,19.7,12.5870833333333,2.65706994015932,3.6,2880,44,90,98,87.8888888888889,8.06478725605284,11,2880,1004,1015,1027,1015.85347222222,3.82983685321672,5,2880,0,1.4,10.6,1.90652777777778,1.78838610541116,2,0,NA,NA,NA,NA,NA,NA,2880,0,179,357,189.530208333333,118.569998395806,197.25,2880,23,30,9410.9,33387.3,43971.7,31519.2366666667,7780.17759980267,10307.825
"5674","soscmmet",2003,10,2919,1.5,12.4,25.3,12.6510791366906,3.39766652279318,4.3,2919,32,88,98,83.896197327852,13.5551768585916,16,2919,1007,1016,1030,1017.01096265844,5.1339043309031,7,2919,0,1.3,11.7,1.77790339157246,1.62779203580878,1.9,1055,0,2.7,12,3.37526066350711,2.39794035264357,3.2,2919,0,174,360,185.288454950325,106.787242310421,116.5,2919,56.7,31,3659.3,23151.3,28835.5,20561.2677419355,6259.9100280748,9552.15
"5675","soscmmet",2003,11,2879,-1.8,8.7,17.4,8.13456061132338,3.46026844126373,5,2879,40,92,98,88.1069815908301,10.1109042904109,12,2879,1005,1016,1030,1016.38520319555,5.47645822937214,8,2879,0,1.1,8.3,1.54480722473081,1.332227344343,1.5,2879,0.2,2.7,15.3,3.49350468912817,2.64710552570943,3,2879,0,169,360,180.850642584231,70.4939727937582,26,2879,250.1,30,1362.1,9717.95,22753.6,10706.02,5645.01312483737,6373.15
"5676","soscmmet",2003,12,2976,-0.4,7.6,16.6,7.67049731182796,3.04215037081474,4.4,2976,30,93,97,89.7973790322581,7.86518377517618,8,2976,992,1013,1026,1012.9314516129,7.34110142467776,11,2976,0,1.4,8.1,1.77688172043011,1.45698773661987,1.3,2976,0,3.2,18,4.0036626344086,2.91686893701552,2.8,2976,0,168,360,168.225806451613,47.3714882800871,15,2976,417.8,31,1370.8,6668.4,14321.8,7177.83870967742,3600.86153456618,5176.9
"5677","soscmmet",2004,1,2976,1.1,8.5,16.7,8.00174731182796,3.04249626137765,4.6,2976,53,94,98,90.9882392473118,7.33676338260417,6,2976,988,1017,1027,1016.37399193548,5.91567486154352,7,2976,0,1.2,7.4,1.55584677419355,1.25357415284539,1.2,2976,0,2.9,16.7,3.63511424731183,2.58664186833245,2.5,2976,0,168,360,168.309139784946,55.9158418988732,16,2976,307.1,31,2917.1,6684.1,18246.2,8236.1064516129,4532.55203970386,6172.1
"5678","soscmmet",2004,2,2784,-0.2,7.9,15.4,7.6167025862069,2.60591061834886,3.1,2784,47,91,98,87.2201867816092,9.28844721725993,12,2784,987,1015,1033,1014.1555316092,10.1558402154943,15,2784,0,1.1,8.3,1.50283764367816,1.2904953385,1.325,2784,0.2,2.7,16.5,3.40664511494253,2.57360961038235,2.9,2784,0,171,360,176.284841954023,70.1760916388486,27,2784,269.4,29,4900.6,14193,25598.4,15395.7068965517,6416.45041241267,10745.9
"5679","soscmmet",2004,3,2976,2.6,9,21.1,8.91710349462366,2.45121814560689,2.4,2976,42,90,98,86.5168010752688,10.0377633175376,12,2976,1002,1021,1031,1020.18615591398,5.90743356306859,10,2976,0,1.6,9.7,2.07449596774194,1.71092527367053,2.5,2976,0.1,3.45,13.9,4.02301747311828,2.7632153541619,4,2976,0,175.5,360,201.088373655914,114.238367567322,183,2976,104.1,31,9094.5,31128.6,40615,25919.5677419355,10166.8400118682,18341.45
"5680","soscmmet",2004,4,2879,2.1,9.8,22.6,9.90184091698506,2.80484046530946,2.9,2879,25,85,97,82.6012504341785,10.8602890163461,14,2879,1006,1017,1026,1017.25008683571,4.36009199231818,7,2879,0,1.8,9.8,2.29558874609239,1.79946463132037,2.3,2879,0.2,3.9,14.1,4.30166724557138,2.71869266074838,4,2879,0,181,360,214.251128864189,113.078182123488,185,2879,127.9,30,10036.4,39244.9,51876.8,36055.03,12036.4839161709,19797.2
"5681","soscmmet",2004,5,2976,6.5,12.3,18.7,12.0506384408602,1.8792094517868,2.5,2976,40,86,96,84.0063844086021,9.06519577017927,15,2976,1011,1017,1024,1017.18212365591,3.19985761124884,5,2976,0,1.1,6.4,1.60070564516129,1.28333710448435,2,2976,0.2,2.8,9.5,3.25611559139785,2.07844388269804,3.3,2976,0,180,360,193.627688172043,118.033647785612,179.25,2976,48.9,31,16188.7,40477.1,56042,39187.7483870968,10234.8323883319,13148.65
"5682","soscmmet",2004,6,2880,7.9,13.1,21.6,13.0677083333333,1.76652687066639,1.8,2880,43,87,96,85.2993055555555,7.95733671374619,9,2880,1010,1018,1026,1017.41770833333,3.23945891878387,5,2880,0,1.6,8.3,1.99197916666667,1.65092674709143,2.1,2880,0.1,3.4,13.9,3.72256944444444,2.42767654406614,3.3,2880,0,220,360,222.222222222222,129.716753680486,189,2880,36.1,30,11936.5,40813.45,60675.3,41434.3233333333,15452.0021517062,29760.2
"5683","soscmmet",2004,7,2976,8.3,14,22.8,14.1985551075269,2.26521995421984,2.6,2976,61,90,98,87.9754704301075,7.20236210882849,11,2976,1009,1016,1021,1016.16532258065,2.55932378741884,4,2976,0,2,8,2.07174059139785,1.39230217232866,2.1,2976,0,3.8,11.7,3.84868951612903,2.19992626989614,3.4,2976,0,343,360,258.288642473118,126.523329706576,178,2976,1.5,31,22754.2,50299.8,58944.1,48224.0838709677,9598.22335671544,10240.15
"5684","soscmmet",2004,8,2976,10.1,14.7,20,14.9371639784946,1.87102180001389,2.6,2976,60,91,98,89.2311827956989,7.15468809663901,10,2976,1007,1016,1023,1015.69086021505,3.05212924150341,4,2976,0,1.9,6.7,2.1057123655914,1.43101337893257,2.3,2976,0,3.7,11.3,3.99139784946237,2.34869388233612,3.7,2976,0,235,360,236.527553763441,122.072500486345,186,2976,32,31,17360.5,35016,53233.5,36624.3032258064,10838.9118217493,18360.7
"5685","soscmmet",2004,9,2854,6.7,13.4,22.6,13.5578486334968,2.4452074193681,3.2,2854,49,92,98,89.2070777855641,8.16347642635988,11,2854,1006,1017,1026,1016.43482831114,4.16953121578031,5,2854,0,1.4,7.7,1.66779957953749,1.27128092824272,1.7,2854,0.2,3.1,11.4,3.27281009110021,2.01481109399959,3,2854,0,194,360,224.798177995795,114.371887976832,181,2854,152.3,30,6121.9,32542.95,43824.2,30606.4633333333,11566.4982904249,15992.35
"5686","soscmmet",2004,10,2976,3.3,11,21.8,11.0427755376344,3.07756996106181,3.9,2976,58,94,98,90.8185483870968,7.8038132486524,8,2976,984,1016,1029,1013.40927419355,8.62529997592597,8,2976,0,1.2,8.9,1.6167002688172,1.3545962835131,1.5,2976,0,2.9,14.9,3.41102150537634,2.46540013249754,3.1,2976,0,173,360,197.568212365591,87.4744892518894,60.25,2976,197.9,31,4699.9,20545.2,30960.8,19302.3064516129,8420.19685593061,13569.6
"5687","soscmmet",2004,11,2880,-0.9,8.4,16.7,8.07270833333333,3.28038551067483,4.325,2880,44,93,98,89.1125,8.77386686930126,12,2880,1012,1022,1033,1022.20659722222,4.91476762737713,7,2880,0,0.9,9.4,1.38215277777778,1.35295370502962,1,2880,0,2.2,14,2.85913194444444,2.1754894551628,2.3,2880,0,170,360,186.614583333333,84.9078862336608,46,2880,96.1,30,2950.7,12590.85,21568.4,13050.0066666667,5683.63146757989,9365.325
"5688","soscmmet",2004,12,2976,0.3,7.6,19.8,7.7528561827957,3.39759458769508,4.525,2976,49,92,97,89.2325268817204,7.58922481172976,9,2976,988,1018,1032,1016.03024193548,12.2960850260015,24,2976,0,1.3,8.9,1.96465053763441,1.66895944400521,2.2,2976,0.3,3,17.1,4.06875,3.16857753786228,4.5,2976,0,170,360,183.571908602151,79.2720294892695,30,2976,236.9,31,1200.6,8608.5,15546.5,9212.04838709677,4231.34787877897,7202.2
"5689","soscmmet",2005,1,2976,-0.8,7.2,17.9,7.34663978494624,3.7601415313006,5.9,2976,49,91,98,88.1031586021505,8.97359956648071,11,2976,985,1016,1030,1015.13239247312,9.34395661189117,13,2976,0,1.2,6,1.41293682795699,1.02437715154771,1.1,2976,0,2.8,13.8,3.16854838709677,1.99398390366574,2.4,2976,0,167,360,168.635752688172,60.2256517444047,19,2976,188.9,31,2883.7,10098.2,19745.6,10491.0677419355,4881.26935556638,8319.05
"5690","soscmmet",2005,2,2687,0.1,8,18.1,7.6489021213249,3.54395094951392,4.9,2687,33,90,98,83.8489021213249,14.1336911829912,19,2687,1002,1015,1029,1015.82433941198,5.90780142882557,8,2687,0,0.9,6.8,1.30290286564942,1.07206409731856,1,2687,0.1,2.1,19,2.7079270561965,1.97598210250883,2,2687,0,173,360,183.815407517678,92.1761208001643,53,2687,74.4,28,4828.8,20297.15,27892.7,18692.6285714286,7201.76264591123,8370.75
"5691","soscmmet",2005,3,2976,1.1,9.35,18.1,9.2073252688172,2.53698956842536,3.2,2976,21,90,98,84.6350806451613,13.0318768530409,16,2976,992,1018,1029,1015.68850806452,8.34737913834412,12,2976,0,1.3,8.3,1.78387096774194,1.40610264235015,1.5,2976,0.2,3.1,16.3,3.81559139784946,2.72988296970443,3,2976,0,171,360,177.233534946237,94.8977666510941,38,2976,150.4,31,6787.2,22257.4,37640.3,21817.0548387097,8511.58938651056,14038.85
"5692","soscmmet",2005,4,2880,2.4,9.8,18.8,9.33444444444445,2.62891205117382,3.7,2880,31,85,97,82.853125,12.3420745864403,16,2880,996,1017,1029,1016.68055555556,5.90200486100587,8,2880,0,1.6,7.6,1.92961805555556,1.27854331348892,1.8,2880,0.2,3.8,12.3,4.08774305555556,2.26764528085524,3.2,2880,0,171,360,181.506944444444,97.3872926663247,34.25,2880,160.9,30,14495.2,30854.95,47752.4,29985.8733333333,9336.68297246029,15428.925
"5693","soscmmet",2005,5,2976,6,12.3,23.6,12.4814180107527,2.43297945889256,2.6,2976,35,88,97,84.9344758064516,10.9127051508012,15,2976,994,1015,1025,1014.3813844086,5.77744465907298,8,2976,0,1.3,9.4,1.8341061827957,1.58742201263571,1.7,2976,0.2,3.3,17.5,3.8523185483871,2.69464230344861,3.2,2976,0,174,360,192.939180107527,98.2558895390453,64,2976,156.3,31,11067,38874.2,56206.6,36263.0193548387,13557.4330938031,17375.15
"5694","soscmmet",2005,6,2880,5.6,13.3,18.1,13.0423958333333,1.90670864305843,2.2,2880,58,85,98,84.2111111111111,8.94744883885998,14,2880,998,1016,1021,1014.71458333333,4.62070891216812,5,2880,0,2.1,8.4,2.38586805555556,1.64234251303918,2.6,2880,0.1,4.2,12.9,4.35572916666667,2.43690263073031,3.7,2880,0,194,360,218.346875,129.623183370885,193,2880,80.2,30,18150.9,45197.6,58398.6,42124.75,11534.3206115563,18712.225
"5695","soscmmet",2005,7,2976,8.2,12.9,20.6,13.0847782258065,2.21457513072445,3.1,2976,64,90,98,88.8971774193548,7.01639224228431,11,2976,1010,1016,1024,1016.27889784946,3.00154104872961,4,2976,0,2.2,9.5,2.40299059139785,1.63575217285623,2.1,2976,0.1,4.3,13.3,4.46424731182796,2.3910938331618,3.2,2976,0,343,360,267.705309139785,120.293920934602,179,2976,13.5,31,14911.7,46267.3,56248.2,44877.6903225806,10523.5526044315,13838.1
"5696","soscmmet",2005,8,2976,7.6,11.9,19.5,11.9560483870968,1.86304631074411,2.3,2976,65,95,98,92.4206989247312,6.42121706169141,9,2976,1009,1017,1023,1016.32795698925,2.59060448339957,3,2976,0,2,7.4,2.03256048387097,1.23561638945374,1.825,2976,0,3.8,10.8,3.83245967741935,1.93491444625852,2.9,2976,0,346,360,279.944220430108,120.032618452801,124,2976,0.9,31,18083.2,34227.3,49306.7,36132.264516129,8781.16577604395,12884.65
"5697","soscmmet",2005,9,2869,4.9,11.7,19.5,11.8273963053329,2.24948984224178,2.6,2869,59,95,99,92.289996514465,6.86568496370962,8,2869,1007,1018,1025,1017.4356918787,2.77286268802083,3,2869,0,1.3,9.5,1.78347856395957,1.51707585066034,1.8,2869,0,2.9,14.6,3.3812826768909,2.24497306719633,2.8,2869,0,254,360,226.611014290694,133.108312420402,197,2869,33.2,30,12377.9,32201.75,40856.4,29142.5566666667,8117.63834730968,13233.8
"5698","soscmmet",2005,10,2976,5,12.7,20.1,12.3186827956989,2.49170194182824,3.325,2976,50,93,98,89.4902553763441,8.78944587513365,10,2976,1004,1016,1027,1016.32358870968,4.94838515625542,7,2976,0,1.3,6.2,1.54529569892473,1.17182241746733,1.4,2976,0,2.9,14.4,3.39576612903226,2.39209810183767,2.7,2976,0,171,360,182.264448924731,86.2920093843884,31,2976,108.8,31,6109.6,18770.6,28700.2,17820.7612903226,6257.53493417748,9352.8
"5699","soscmmet",2005,11,2854,1.7,8.5,21.2,8.61755430974072,3.10945949576363,4.5,2854,39,93,98,88.9400840925017,9.42070331912248,9,2854,1001,1019,1033,1018.64190609671,6.27503825990556,7,2854,0,1,7.9,1.4385774351787,1.28556419431979,1.2,2854,0.2,2.5,20.1,3.18735108619481,2.52477894450506,2.5,2854,0,171,360,177.199018920813,77.090300693453,33,2854,292.8,30,2630.4,9835.95,17844.5,9984.24,5258.41014006168,10643.2
"5700","soscmmet",2005,12,2976,-1.3,7.9,17.6,8.23074596774194,4.64297922118838,7.9,2976,39,88,95,84.1932123655914,10.2404356342765,13,2976,986,1015,1033,1013.71706989247,9.88685185553342,14,2976,0,1.3,9.2,1.96451612903226,1.77445296607585,1.6,2976,0,3.2,22.4,4.41414650537634,3.73507807314366,3.6,2976,0,171,360,167.576612903226,55.7099829089634,16.25,2976,307.1,31,1227.3,7373.5,13088.2,6835.73870967742,3986.99160860896,7185.55
"5701","soscmmet",2006,1,2976,0.8,8.7,20.5,8.91948924731183,2.95409413228579,4.1,2976,33,89,96,84.667002688172,11.522736014732,14,2976,988,1016,1034,1015.4875672043,7.93595244264686,9,2976,0,1.6,8.2,2.18679435483871,1.74466110148659,1.7,2976,0.2,3.7,18.5,4.94966397849462,3.67836736089171,3.8,2976,1,172,359,174.318548387097,39.9395678626068,10,2976,483.6,31,1900.3,6298.7,15935.3,6714.62258064516,3846.52804822823,4686.25
"5702","soscmmet",2006,2,2688,-2.8,8.1,20.6,7.64017857142857,4.14454774831548,5.5,2688,27,84,96,77.0267857142857,18.0372404680562,25,2688,994,1021,1035,1019.41183035714,8.67888676458641,10,2688,0,1.2,11.3,1.73511904761905,1.58464496051209,1.6,2688,0.1,2.8,16.1,3.59888392857143,2.64422442935909,3,2688,0,169,360,158.86755952381,99.2849103931666,99.25,2688,106.9,28,5251.5,17715.4,25230.4,15842.8892857143,6114.6866899742,10847.725
"5703","soscmmet",2006,3,2976,-0.5,7,17.4,7.09099462365591,2.96523943828448,3.5,2976,34,87,96,80.9788306451613,14.219428847524,20,2976,997,1010,1024,1010.46370967742,6.15672292633434,9,2976,0,1.5,6.8,1.74264112903226,1.10072532858269,1.4,2976,0.3,3.5,15,4.02570564516129,2.38072254536978,2.8,2976,0,171,360,169.190860215054,69.1185745053118,21.25,2976,273.1,31,6163.4,16895.8,31899.2,17875.0096774194,7101.33075056381,9954.55
"5704","soscmmet",2006,4,2880,1.8,9.8,16.1,9.29225694444444,2.59932241483754,3.5,2880,44,84,96,81.1496527777778,11.5346631595298,20,2880,998,1015,1029,1014.87951388889,6.30858623391441,9,2880,0,1.7,13.5,2.395,2.2328601538898,2.4,2880,0.2,3.9,18.7,4.56770833333333,3.26976512487751,4.025,2880,0,175,360,176.413541666667,110.836214151537,54,2880,111.9,30,8610.4,27213.55,47404.8,28663.1633333333,10589.5003116615,18033.65
"5705","soscmmet",2006,5,2976,4.1,11.3,29.3,11.4751008064516,2.88495750779234,3.1,2976,23,83,96,80.039314516129,12.3029053096968,18,2976,1000,1018,1026,1017.03360215054,5.47675423060985,8,2976,0,1.7,11.9,2.34805107526882,2.12179317664311,2.5,2976,0.3,3.8,17.1,4.42634408602151,3.1603730565696,4.3,2976,0,177,360,178.703293010753,122.512669909329,241,2976,52.6,31,15451.2,46357.2,55195.4,42072.735483871,10953.63109319,13941.8
"5706","soscmmet",2006,6,2594,8.6,13.6,24,13.4501156515035,1.794268735486,2.3,2590,54,86,97,85.3297297297297,7.60761370805214,12,2589,1007,1018,1026,1017.44380069525,3.87782269935325,5,2591,0,2.3,17,2.47028174450019,1.54117887164721,2.1,2242,0.1,4.3,12.5,4.42537912578055,2.21816422601567,3.1,2591,0,187,360,204.06175221922,141.733147104973,340,2590,179.2,29,20.9,36432,55607.9,37415.2172413793,12769.1836714151,17568.3
"5707","soscmmet",2006,7,2964,8.2,13.4,18.5,13.4051282051282,1.64544822117245,2.4,2963,57,91,98,89.6294296321296,7.21066042839807,11,2963,1011,1017,1024,1017.23860951738,3.1105179257011,5,2963,0,2,7.6,2.11670604117449,1.35860016667297,2,2824,0,3.9,11.9,3.93360481586402,2.13452141877357,3.2,2963,0,275,360,212.691191360108,150.924032609814,344,2963,9.9,31,22197.7,45084.4,55194.8,41414.9774193548,10549.5130179773,18369.3
"5708","soscmmet",2006,8,2976,8.2,12.1,17.5,12.2131720430108,1.60379210873427,2.1,2976,50,93,98,91.0453629032258,6.87107873830018,11,2976,1012,1017,1023,1016.94119623656,2.42512821051685,4,2976,0,2.3,7.5,2.37701612903226,1.53015052845783,2.1,2976,0,4.2,11.2,4.27536962365591,2.27973790277506,3.2,2976,0,333,360,220.277553763441,157.916068272631,348,2976,1.5,31,15537.5,35645.3,49266.2,33431.2612903226,11416.5460725994,21372.3
"5709","soscmmet",2006,9,2880,7.1,12,24.8,12.4335416666667,2.60271719740277,2.8,2880,34,94,99,88.6152777777778,12.9729422609442,14,2880,1007,1017,1024,1016.59618055556,3.52667392362373,4,2880,0,1.2,8.1,1.58239583333333,1.30850710889516,1.7,2880,0,2.6,11,3.05916666666667,2.07314977332388,2.8,2880,0,185,360,192.898263888889,132.961969913658,311.25,2880,17.9,30,13127,30080.25,38499.5,26484.1,8702.67299567525,17228.225
"5710","soscmmet",2006,10,2976,-0.4,10.8,20.8,10.2941532258065,3.17908069086567,3.4,2976,34,91,99,86.8622311827957,13.5070664952041,14,2976,1006,1018,1030,1018.17909946237,5.30709181425136,7,2976,0,1.3,7.6,1.84835349462366,1.50644686665623,2,2976,0.2,2.8,12.8,3.35430107526882,2.27147935701014,3.3,2976,0,176,360,179.386088709677,128.502631021782,298.25,2976,19.1,31,7112.2,20467,26360.3,19056.7870967742,6108.79906887008,9241.95
"5711","soscmmet",2006,11,2880,0.2,9.6,18.3,9.83104166666667,3.76603460274038,5.2,2880,0,94,99,88.4857638888889,14.9545962865465,11,2880,997,1016,1033,1015.64166666667,6.39001587501514,8,2880,0,1.8,9.1,2.33434027777778,1.74797394219135,2.5,2880,0.3,4.2,19.9,5.23739583333333,3.60413787457522,5.3,2880,0,171,360,167.666666666667,44.9417205878029,10,2880,459.8,30,1842.9,6385.15,15023.5,6741.13,3622.74736992663,5102.525
"5712","soscmmet",2006,12,2976,-0.1,8.05,16.3,7.75211693548387,3.805733254067,6.2,2976,0,87,99,69.8195564516129,34.7209964898558,40,2976,996,1021,1034,1019.16028225806,8.46966996793156,12,2976,0,1.2,9.9,1.80272177419355,1.67847549413541,1.5,2976,0.1,2.9,22.7,4.03877688172043,3.53475921934902,3,2976,0,171,360,169.435483870968,64.5073837553428,19,2976,291.6,31,1614.2,6701.2,11688.3,6990.93548387097,3328.20369324038,5992.65
"5713","soscmmet",2007,1,2976,-4,5.55,13.9,5.46770833333333,3.75308172625878,6.1,1,NA,NA,NA,NA,NA,NA,2976,1008,1027,1039,1025.83064516129,6.71880954744868,11,2976,0,1.1,6.3,1.45927419354839,1.1908028549741,1.2,1,NA,NA,NA,NA,NA,NA,2976,0,170,360,162.412970430108,84.0543910726986,37.25,2976,132,31,1992.1,8652.5,15473.5,9530.66774193548,4003.16345868174,7077.1
"5714","soscmmet",2007,2,2294,-0.1,7.2,17,7.14659982563208,2.93317553914019,3.9,0,NA,NA,NA,NA,NA,NA,2295,999,1017,1034,1016.30675381264,8.64034971048049,14,2295,0,0.9,6.1,1.22675381263617,1.25913182540619,1.5,0,NA,NA,NA,NA,NA,NA,438,NA,NA,NA,NA,NA,NA,438,NA,25,3153,9384.8,16002.9,9524.14,3783.10458100663,4207
"5715","soscmmet",2007,3,2949,0.5,9.1,17.7,9.04760935910478,2.84395593524142,3.3,0,NA,NA,NA,NA,NA,NA,2950,1008,1020,1035,1020.55796610169,4.60245956465558,5,2924,0,0.5,8.1,1.23077975376197,1.55006647051159,2.1,0,NA,NA,NA,NA,NA,NA,0,NA,NA,NA,NA,NA,NA,2281,89.3,31,5314,18884.8,32210.6,19189.8129032258,7855.01099620456,11831.35
"5716","soscmmet",2007,4,2880,2.1,9.3,18.3,9.20520833333333,2.6139592321448,3.4,0,NA,NA,NA,NA,NA,NA,2880,1003,1020,1029,1018.40451388889,5.09594439674346,7,2850,0,0.3,7.5,1.10059649122807,1.50262307048367,1.8,0,NA,NA,NA,NA,NA,NA,0,NA,NA,NA,NA,NA,NA,33,NA,30,11152.9,31011.9,40594.5,28236.4833333333,8567.27279726846,10817.425
"5717","soscmmet",2007,5,2975,4.3,10.8,15.2,10.6198319327731,1.86479344119781,2.4,0,NA,NA,NA,NA,NA,NA,2975,1004,1017,1027,1018.29210084034,4.06517036263576,5,2944,0,1.7,9.1,2.13318614130435,2.05001079151453,3.3,0,NA,NA,NA,NA,NA,NA,0,NA,NA,NA,NA,NA,NA,2973,40.8,4,NA,NA,NA,NA,NA,NA
"5718","soscmmet",2007,6,2787,6.8,12.7,18.1,12.616218155723,2.15301812730011,3.2,12,NA,NA,NA,NA,NA,NA,2787,1012,1018,1025,1017.70182992465,3.22305611055883,5,2783,0,0.7,6.7,1.44915558749551,1.60710092094568,2.8,0,NA,NA,NA,NA,NA,NA,0,NA,NA,NA,NA,NA,NA,2787,26.1,25,12206.8,47499.8,53973.3,43068.588,11703.4675570362,11076.5
"5719","soscmmet",2007,7,2976,10.1,15.4,22.2,15.4121975806452,2.54002231365985,3.5,0,NA,NA,NA,NA,NA,NA,2976,1009,1017,1023,1016.02688172043,2.83944896194981,4,2976,0,1.2,8.8,1.81596102150538,1.91379001433918,3,0,NA,NA,NA,NA,NA,NA,0,NA,NA,NA,NA,NA,NA,2976,33.6,31,19879.6,43176.1,53503.2,39556.8,10085.5968628204,19479.6
"5720","soscmmet",2007,8,726,10.4,14,17.4,13.8090909090909,1.39599426932921,1.8,0,NA,NA,NA,NA,NA,NA,726,1013,1016,1019,1016.17355371901,1.63417478126759,3,726,0,0.8,5.2,1.30027548209366,1.33972716980816,2.4,0,NA,NA,NA,NA,NA,NA,0,NA,NA,NA,NA,NA,NA,2892,49.4,9,4,36087.9,49496.5,31225.4777777778,15128.2718531214,10885
"5721","soscmmet",2007,9,0,NA,NA,NA,NA,NA,NA,0,NA,NA,NA,NA,NA,NA,0,NA,NA,NA,NA,NA,NA,0,NA,NA,NA,NA,NA,NA,0,NA,NA,NA,NA,NA,NA,0,NA,NA,NA,NA,NA,NA,2880,71.4,0,NA,NA,NA,NA,NA,NA
"5722","soscmmet",2007,10,0,NA,NA,NA,NA,NA,NA,0,NA,NA,NA,NA,NA,NA,0,NA,NA,NA,NA,NA,NA,0,NA,NA,NA,NA,NA,NA,0,NA,NA,NA,NA,NA,NA,0,NA,NA,NA,NA,NA,NA,2966,148.1,0,NA,NA,NA,NA,NA,NA
"5723","soscmmet",2007,11,2347,-0.1,8.2,17.1,8.19100979974435,3.80779253875956,5.9,3,NA,NA,NA,NA,NA,NA,2436,1008,1019,1034,1019.24302134647,5.6991707081768,9,2256,0,1.1,7.9,1.73390957446809,1.66732733776038,2.225,0,NA,NA,NA,NA,NA,NA,2256,0,164,360,170.442375886525,81.8019253614785,28,2873,179.5,26,1589.8,14366.1,22196.6,13332.25,6381.04174819441,10977.225
"5724","soscmmet",2007,12,2015,-0.4,7.6,18.5,7.55548387096774,3.84708435640497,4.5,0,NA,NA,NA,NA,NA,NA,2015,998,1021,1037,1018.31612903226,9.38113918965898,17,2011,0,1.3,10,2.11854798607658,2.06725454968509,2.8,0,NA,NA,NA,NA,NA,NA,2015,0,169,360,174.978163771712,78.9595418858243,22,2015,145.6,25,1481.5,7880.2,16812.5,7929.188,4270.11203788613,5579.3
"5725","soscmmet",2008,1,1713,-1.3,5,15.7,4.869176882662,2.84019387536347,3.7,1712,31,86,98,80.8206775700935,16.0974158185067,19.25,1712,998,1016,1037,1017.56191588785,9.42971901856441,11,1711,0,1,7.2,1.51624780829924,1.52995973476988,1.6,0,NA,NA,NA,NA,NA,NA,1712,0,163,359,135.136098130841,81.2222718558943,127.25,1712,156.1,20,0,8936.8,21504.8,11004.15,7189.44509384197,12493.05
"5726","soscmmet",2008,2,2784,0.3,7.2,14.6,6.89910201149425,2.47918012329337,3.6,2784,53,94,98,90.6932471264368,8.00835067770305,9,2784,994,1023,1030,1019.85416666667,8.12653239739097,11,2784,0,0.8,8,1.28710488505747,1.3272168304562,1.3,0,NA,NA,NA,NA,NA,NA,2784,0,171,360,179.983836206897,87.6290819810975,36,2784,115.8,29,1013.5,15168.2,27769,15669.1551724138,7690.88365295405,13424.1
"5727","soscmmet",2008,3,2976,-0.7,7.2,16.4,6.9960685483871,2.79101463445703,3.4,2976,29,91,98,85.6801075268817,11.8019149901112,16,2976,1011,1024,1035,1023.70564516129,4.93977664793927,6,2976,0,1.3,9.4,1.68612231182796,1.39214565685805,1.9,0,NA,NA,NA,NA,NA,NA,2976,0,170,360,168.603494623656,90.9850336268885,31,2970,138.5,17,0,22336.3,35330.9,20330.4,12029.2743648048,15629.8
"5728","soscmmet",2008,4,2877,-0.1,7.8,19.5,7.76569343065693,2.83947094559991,3.3,2877,43,88,97,84.6857838025721,10.9427316386454,17,2877,1006,1021,1030,1021.25999304831,4.73657700796531,5,2877,0,1.2,9.1,1.79113660062565,1.64876191415059,2,0,NA,NA,NA,NA,NA,NA,2622,0,169,360,189.493897787948,98.9737215582302,54.75,2877,128.7,0,NA,NA,NA,NA,NA,NA
"5729","soscmmet",2008,5,2975,2.5,10.5,32.5,10.8125378151261,3.04347242327289,2.5,2975,22,87,99,85.0514285714286,10.358359219771,14,2975,1005,1020,1029,1019.10151260504,4.54845182294312,6,2975,0,1.8,8.2,2.07344537815126,1.6546344387962,2.6,0,NA,NA,NA,NA,NA,NA,2975,0,343,360,249.896470588235,132.67955200972,191,2975,12.1,0,NA,NA,NA,NA,NA,NA
"5730","soscmmet",2008,6,2880,5.2,10.9,20.5,10.9151041666667,1.72804673715447,1.9,2880,55,89,98,87.7690972222222,7.39383466993654,10,2880,1012,1021,1028,1020.5625,3.61054522452492,5,2880,0,1.9,7.5,2.15607638888889,1.60268679230169,2.6,1782,0,4.1,11.4,4.34337822671156,2.44761819884537,3.6,2880,0,336,360,248.008680555556,125.16007226675,189,2880,31.9,0,NA,NA,NA,NA,NA,NA
"5731","soscmmet",2008,7,2976,7.4,11.7,20.5,12.2347446236559,2.26247335512712,2.5,2976,55,91,99,89.755376344086,6.69423215869094,9,2976,1013,1017,1023,1017.42977150538,2.37630616853052,3,2976,0,2,7.6,2.21881720430108,1.49224395200275,2.1,2976,0,4.1,12.2,4.28655913978495,2.3247909359762,3.3,2976,0,343,360,266.409610215054,122.538746655833,183.25,2976,3,0,NA,NA,NA,NA,NA,NA
"5732","soscmmet",2008,8,2976,8.6,14.2,21.8,14.3063508064516,1.91483812157881,2.2,2976,58,95,99,92.426747311828,6.89937351714403,9,2976,1008,1015,1022,1015.29502688172,3.0278797750324,4,2976,0,1.7,7.5,1.80658602150538,1.32950877565008,2,2976,0,3.4,12.3,3.58067876344086,2.2584979785152,3.2,2976,0,303,360,238.221102150538,125.56441517369,188,2976,30.1,0,NA,NA,NA,NA,NA,NA
"5733","soscmmet",2008,9,2880,6.3,11.95,18.9,11.8136458333333,2.24311797017397,3,2880,42,94,100,91.1819444444444,8.39516932815052,12,2880,1009,1016,1024,1016.43298611111,3.2954053670718,5,2880,0,1.4,8.4,1.81045138888889,1.57684215949755,2.025,2880,0,2.9,11.7,3.47295138888889,2.42617019410545,3.5,2880,0,263,360,236.347222222222,121.908105708789,187,2880,3.5,0,NA,NA,NA,NA,NA,NA
"5734","soscmmet",2008,10,2976,1.3,11.5,22.8,11.4404569892473,3.34552549431437,4.5,2976,44,93,100,89.2741935483871,10.391079853696,13,2976,993,1022,1032,1020.07224462366,7.54988936211248,8,2976,0,1.1,8,1.72715053763441,1.59541635845525,2,2976,0,2.6,15.4,3.54536290322581,2.68001605464052,3.6,2976,0,172,360,206.272849462366,102.460473946903,169,2976,61.9,0,NA,NA,NA,NA,NA,NA
"5735","soscmmet",2008,11,2880,2,10.7,22.4,10.8694444444444,3.00558534777764,4.1,2859,50,97,100,93.4354669464848,8.1451760024223,7,2880,995,1019,1031,1018.93472222222,6.25863010360915,7,2880,0,1,6.9,1.50940972222222,1.33917579185976,1.7,2880,0,2.7,14.1,3.4375,2.60977868266458,3.2,2880,0,165,360,173.001041666667,72.0384989235168,21,2880,155.6,0,NA,NA,NA,NA,NA,NA
"5736","soscmmet",2008,12,2976,-2.8,6,17.1,6.25577956989247,3.55120434495532,5.1,913,40,84,99,82.6462212486309,10.2063538787973,13,2976,998,1019,1033,1017.30477150538,8.08780744861819,14,2976,0,1.1,9.2,1.53770161290323,1.41576595405084,1.6,2976,0,3,17.1,3.67305107526882,2.83270092310208,3.1,2976,0,163,360,156.780577956989,72.6299142421738,21,2976,212.5,0,NA,NA,NA,NA,NA,NA
"5737","soscmmet",2009,1,2976,0,7.3,21.2,6.99549731182796,3.3662267065652,5.3,0,NA,NA,NA,NA,NA,NA,2976,998,1023,1041,1024.67036290323,7.55670165049829,11,2976,0,1,8.4,1.63608870967742,1.6700831834142,1.6,2976,0,2.5,18.9,3.61095430107527,3.16513161088341,2.9,2976,0,164,360,182.17876344086,94.8852520579498,53,2976,73.3,0,NA,NA,NA,NA,NA,NA
"5738","soscmmet",2009,2,2688,-0.2,7.3,19,7.29646577380952,3.29196201802471,4.9,0,NA,NA,NA,NA,NA,NA,2688,999,1014,1030,1014.34523809524,6.74258525467004,11,2688,0,1,8.9,1.44880952380952,1.39405620477628,1.2,2688,0.2,2.5,16.9,3.28816964285714,2.57095104576752,2.7,2688,0,165,360,171.661458333333,76.2542022418421,27,2688,183.5,0,NA,NA,NA,NA,NA,NA
"5739","soscmmet",2009,3,2973,-0.3,7.6,14.8,7.29781365623949,2.76660506087185,3.5,0,NA,NA,NA,NA,NA,NA,2972,1000,1022,1031,1019.92563930013,7.43069779376281,9,2972,0,1.2,8.4,1.62274562584118,1.37047071047051,1.7,2972,0,3.2,15.7,3.77106325706595,2.61951171321181,3.5,2972,0,168,360,179.008748317631,94.328660833507,36,2972,186.2,0,NA,NA,NA,NA,NA,NA
"5740","soscmmet",2009,4,2831,0.1,8.5,15.5,8.48587071706111,2.28988981084772,2.5,0,NA,NA,NA,NA,NA,NA,2829,1009,1020,1030,1020.17638741605,4.43661084601031,7,2829,0,1.8,7.5,2.0769176387416,1.5323460489239,2.3,2829,0,4,12.4,4.31887592788971,2.55934320339456,3.8,2829,0,182,360,220.589254153411,117.716922929084,189,2829,63.5,0,NA,NA,NA,NA,NA,NA
"5741","soscmmet",2009,5,2976,5,10.8,15.6,10.6523521505376,1.70842140855985,2.1,0,NA,NA,NA,NA,NA,NA,2976,998,1019,1029,1018.11290322581,4.82228944253727,5,2976,0,2.2,9.2,2.52557123655914,1.87971784302257,2.8,2976,0,4.5,16.6,4.84563172043011,3.05338512861583,4.4,2976,0,188.5,360,225.271169354839,120.885873209502,189,2976,58.3,0,NA,NA,NA,NA,NA,NA
"5742","soscmmet",2009,6,2880,7.8,13,19.9,13.0453125,1.54170873642801,1.9,0,NA,NA,NA,NA,NA,NA,2880,1010,1015,1023,1015.84027777778,2.94540621582729,4,2880,0,1.6,8.4,2.09434027777778,1.84546398522993,2.5,2880,0,3.3,13.5,3.89920138888889,2.74516266982071,3.9,2880,0,265,360,229.348958333333,133.83195475757,193,2880,29.1,0,NA,NA,NA,NA,NA,NA
"5743","soscmmet",2009,7,2976,8.6,13,19,12.9817540322581,1.68821712371083,2.4,0,NA,NA,NA,NA,NA,NA,2976,1008,1018,1025,1017.45866935484,3.08473696252176,3,2976,0,1.9,6.9,1.96001344086022,1.2973407318855,1.9,2976,0,3.7,10.8,3.69700940860215,1.98810778529784,2.7,2976,0,341,360,243.746639784946,141.145590210123,193,2976,5.6,0,NA,NA,NA,NA,NA,NA
"5744","soscmmet",2009,8,2976,8.4,14.3,22,14.232997311828,2.27482973147875,3.2,0,NA,NA,NA,NA,NA,NA,2976,1009,1018,1023,1017.56014784946,2.97921277374451,4,2976,0,1.3,7,1.60618279569892,1.25470090668253,1.9,2976,0,3,11.1,3.20161290322581,1.96426668661772,3.1,2976,0,237,360,224.422379032258,131.600388328661,197,2976,13.5,0,NA,NA,NA,NA,NA,NA
"5745","soscmmet",2009,9,2880,7.4,14.5,31.6,14.5688541666667,3.04197086409727,3.8,0,NA,NA,NA,NA,NA,NA,2880,1005,1017,1029,1016.54930555556,4.55040080494278,5,2880,0,1.1,9.2,1.74565972222222,1.6782371524149,1.8,2880,0,2.7,12.7,3.36222222222222,2.50290624945611,3.2,2880,0,175,360,197.078125,114.131493090801,173,2880,28.7,0,NA,NA,NA,NA,NA,NA
"5746","soscmmet",2009,10,2976,4.5,12,22.9,11.7472782258065,3.12132044637377,4.2,0,NA,NA,NA,NA,NA,NA,1819,984,1016,1028,1014.13304013194,8.95256428064935,8,2976,0,1,7.7,1.3695564516129,1.22807245488986,1.5,2976,0,2.6,18.4,3.10796370967742,2.35868794606617,2.8,2976,0,168,360,189.28561827957,94.0845484674475,57,2976,108.8,0,NA,NA,NA,NA,NA,NA
"5747","soscmmet",2009,11,1102,4.4,10.4,20.5,10.6372050816697,2.98580574715098,4.1,0,NA,NA,NA,NA,NA,NA,0,NA,NA,NA,NA,NA,NA,1102,0,1.6,7.2,1.80843920145191,1.36763933246731,1.7,1102,0,3.6,16.7,4.04246823956443,2.87220266097178,3.275,1102,0,167,360,179.344827586207,62.5949956759076,15.75,2873,195.7,0,NA,NA,NA,NA,NA,NA
"5748","soscmmet",2009,12,0,NA,NA,NA,NA,NA,NA,0,NA,NA,NA,NA,NA,NA,0,NA,NA,NA,NA,NA,NA,0,NA,NA,NA,NA,NA,NA,0,NA,NA,NA,NA,NA,NA,0,NA,NA,NA,NA,NA,NA,2975,125.4,0,NA,NA,NA,NA,NA,NA
"5749","soscmmet",2010,1,1961,2,9,17.7,8.98949515553289,2.4576249112071,3,1961,28,91,98,86.5604283528812,12.5756707379884,15,1961,976,1010,1026,1005.49005609383,13.1371504709679,19,1961,0,1.1,8,1.55461499235084,1.45428654475124,1.5,1961,0,2.7,20.2,3.73590005099439,3.20316430255908,3.4,1961,0,187,355,182.698113207547,43.2965997805907,16,2970,223.3,0,NA,NA,NA,NA,NA,NA
"5750","soscmmet",2010,2,2685,1.9,9.1,15.5,8.79437616387337,2.54606041784057,3.2,2685,30,95,98,90.6115456238361,9.69235879231109,9,2685,993,1014,1024,1013.25661080074,5.91784902589204,8,2685,0,1,7.2,1.37888268156425,1.15398174288325,1.1,2685,0,2.6,16.9,3.21292364990689,2.44041065273953,2.4,2685,0,185,360,169.659962756052,63.888929286642,20,2685,185.4,11,4087.8,21761.3,30968.7,20006.4545454545,9451.11996584147,10845.45
"5751","soscmmet",2010,3,2976,0.5,8.2,16.1,8.09284274193548,2.85768417437471,4.4,2976,35,89,98,84.1854838709677,12.6236221533279,18,2976,999,1017,1033,1017.3501344086,6.98895070197962,10,2976,0,1.4,11.3,1.9744623655914,1.72101388329157,2,2976,0.2,3.6,16.7,4.33511424731183,3.13103202365636,4,2976,0,184,360,162.703293010753,70.2508327238627,21,2976,199.2,31,6698.3,27135.7,39222.1,24677.9129032258,10381.203531439,15283.15
"5752","soscmmet",2010,4,2870,0.7,8.8,16.8,8.42508710801394,2.75782948484637,3.7,2870,35,85,98,82.2557491289199,13.1741198831192,23,2870,997,1017,1032,1015.6850174216,8.20891505763931,12,2870,0,1.6,9.8,2.0202787456446,1.59239870239759,2.2,2870,0.2,3.8,15.4,4.27783972125436,2.82743681742414,4.075,2870,0,181,360,141.185365853659,86.2550292740459,167,2870,187.2,30,10993.9,34503.15,50850.4,33023.89,11963.1225667523,17743.125
"5753","soscmmet",2010,5,2976,1.9,10.4,15.1,10.2083669354839,2.13109209098788,2.7,2976,55,84,98,82.7180779569892,10.7511885980526,17,2976,1007,1019,1032,1019.21169354839,5.88827728911019,9,2976,0,1.7,8.3,1.91448252688172,1.32916171257751,2,2976,0.3,3.9,16.2,3.97903225806452,2.20391794848741,3.4,2976,0,177,360,126.368615591398,95.6314399774823,170,2976,124,31,18080.9,40382.6,57475.1,39801.3387096774,10540.2732403443,17247.25
"5754","soscmmet",2010,6,2880,7.2,12.3,16.1,12.2243055555556,1.42970746261592,1.8,2880,68,91,98,89.4111111111111,7.12263548437616,12,2880,1002,1020,1028,1019.58888888889,4.44186892300499,6,2880,0,2.2,9.6,2.33975694444444,1.67164799724618,2.6,2880,0,4.2,16.7,4.43243055555556,2.80096067143303,3.8,2880,0,20,360,92.3434027777778,107.403659868077,172,2880,130.5,30,12308.2,47528.25,60679.9,42310.2133333333,15023.5224919695,28242.875
"5755","soscmmet",2010,7,2976,8.3,11.2,17,11.4405577956989,1.4506787370066,1.9,2976,60,94,99,92.1895161290323,6.89442870688802,9,2976,1010,1018,1024,1017.99831989247,2.84731875051708,4,2976,0,2.3,8.2,2.63235887096774,1.51339274265515,1.9,2976,0,4.5,12.4,4.79213709677419,2.21404804424081,3.1,2976,0,14,360,71.667002688172,117.700264523044,16,2976,9.7,31,23310.9,43285.2,59798.7,42401.0870967742,13329.7031311714,27674.7
"5756","soscmmet",2010,8,2976,8,12.3,17.9,12.3386088709677,1.3942804946362,1.6,2976,58,96,100,93.8202284946236,6.23136070346439,6,2976,1010,1016,1026,1016.11592741935,3.25731265429641,4,2976,0,1.6,6.3,1.73625672043011,1.13639528864549,1.7,2976,0,3.3,10.5,3.35934139784946,1.80143176568904,2.4,2976,0,18,360,91.8128360215054,122.308980204,175,2976,6,31,16186.1,39730.6,50752.4,37097.9806451613,9788.90317909074,15529.85
"5757","soscmmet",2010,9,2880,7.3,13.65,23.9,13.89125,2.38855086495063,3.1,2880,56,97,100,93.4486111111111,7.57026583291373,9,2880,1007,1017,1024,1015.66458333333,3.87652366709878,6,2880,0,1.3,6.4,1.55614583333333,1.1659239596402,1.7,2880,0,2.9,13.2,3.25232638888889,2.06245017733834,3.1,2880,0,175,360,131.572916666667,106.852819681141,175,2880,56,30,6463.8,31308.05,45530.1,30967.6533333333,10303.6739216963,10801.275
"5758","soscmmet",2010,10,2976,3.7,11.8,22.7,11.7254032258065,2.98899941191247,3.7,2976,37,92,100,88.9610215053764,10.3461352098117,13,2976,998,1018,1031,1017.65053763441,5.82618139322991,7,2976,0,1.5,8.2,1.92540322580645,1.44030803382897,2.1,2976,0,3.4,18.2,3.97221102150538,2.64149383833769,3.8,2976,0,183,360,149.83938172043,92.3187995357308,167,2976,99.3,31,5358.2,23709.3,34587.3,20993.7806451613,9448.53641157964,18310.8
"5759","soscmmet",2010,11,2880,-0.3,8.2,18.5,8.44399305555556,3.83823545844671,5.7,2828,56,98,100,94.7319660537482,7.26897040602144,7,2880,1001,1020,1038,1019.81597222222,8.22023328425527,13,2880,0,1.1,6.6,1.47461805555556,1.27578437278511,1.4,2880,0,2.8,14.9,3.45572916666667,2.60071232051353,2.925,2880,0,184,360,170.945833333333,68.6099454105549,20,2880,222.9,30,3200.9,8077.55,21766,10192.5466666667,5989.42857660886,9326.25
"5760","soscmmet",2010,12,2976,0,8.2,16.6,8.40766129032258,3.32878988901931,5.1,2976,48,95,100,90.3104838709677,10.4461019693484,12,2976,989,1014,1025,1012.03629032258,7.78596195586682,9,2976,0,1.6,7.2,2.03481182795699,1.43504908645864,1.9,2976,0,3.8,15.6,4.6414314516129,2.97938584286723,4,2976,0,185,356,176.314180107527,42.9499346673844,11,2976,304.5,31,1482.6,6565.4,16281.1,7384.68387096774,3796.39932989991,4498.9
"5761","soscmmet",2011,1,2976,-0.7,8.1,19.1,7.80537634408602,3.66044649792889,5.2,2953,32,96,100,91.3735184558077,10.4473938533807,10,2976,1011,1023,1031,1022.79872311828,4.25168024710783,6,2976,0,1.1,7.9,1.70487231182796,1.55905372630496,1.6,2976,0,2.8,16.3,3.73854166666667,3.04360187277245,3.025,2976,0,182,360,161.285954301075,72.7990757464872,22.25,2976,105.6,31,3196.8,10776.9,20671.8,12105.0161290323,5579.12388140508,9168.7
"5762","soscmmet",2011,2,2686,-3.3,6.5,13.9,5.94285182427401,3.24980662682283,5.2,2686,41,93,100,88.1414743112435,12.4405512186003,18,2686,1000,1018,1036,1019.6660461653,9.817618856109,18,2686,0,1.2,8.2,1.75465376023827,1.54513917074875,1.9,2686,0,2.9,17.1,3.8795234549516,3.05082543948449,3.5,2686,0,181,360,147.229337304542,85.9006934505049,146.75,2686,175.9,28,4309.9,14610.1,30131.1,15911.6857142857,7059.06163109802,11343.725
"5763","soscmmet",2011,3,2976,2.9,8.4,15.8,8.38639112903226,2.46384811006841,3.8,2969,46,94,100,89.1337150555743,11.0523429222527,15,2976,992,1015,1029,1013.42305107527,8.34923392442597,13,2976,0,1.9,8.4,2.15275537634409,1.36802592313071,1.825,2976,0,4.4,19.8,5.00567876344086,2.98337770500518,4,2976,0,186,360,175.21438172043,53.6990656835058,9,2976,263.9,31,5429.2,20510,34244.5,20031.7548387097,7119.03757249245,9721.1
"5764","soscmmet",2011,4,2880,0.5,8.4,13.6,8.05631944444444,2.31240857323177,2.5,2843,44,85,100,84.3935983116426,12.5503428671685,23,2880,1004,1020,1034,1020.29166666667,5.21443610272473,8,2880,0,1.8,9.5,2.24513888888889,1.70615133992733,2.5,2880,0,4.2,17,4.6421875,2.88347896246378,4.1,2880,0,178,360,124,89.9453849957983,168,2880,148,30,8460.7,34232.75,49213.3,33221.9966666667,11380.0852519831,16656.15
"5765","soscmmet",2011,5,2976,3.2,10,13.9,9.73528225806452,1.76916971105716,2.4,2976,51,89,100,87.8998655913979,9.68471306796536,16,2976,1006,1018,1034,1018.19858870968,5.47537294912044,6,2976,0,1.3,8.8,1.75117607526882,1.38767393595055,2.1,2976,0.3,3.2,13.2,3.57298387096774,2.28956477484852,3.5,2976,0,177,360,127.928091397849,101.224862610962,180,2976,84,31,13778.1,41948.9,54456.8,38014.664516129,11797.9152764249,18637.25
"5766","soscmmet",2011,6,2880,6.5,12.65,22.3,12.5776388888889,1.81451443679824,1.6,2880,37,90,100,88.7322916666667,9.07011392495545,12,2880,1005,1018,1027,1017.66770833333,4.1314371342637,6,2880,0,1.8,7.3,2.00388888888889,1.40778814791663,2.2,2880,0,3.6,11,3.79527777777778,2.19606485802181,3.3,2880,0,23,360,102.421527777778,109.625939296376,175,2880,33.6,30,19351.9,45565.35,58573,43826.6533333333,11592.5742499458,15953.55
"5767","soscmmet",2011,7,2976,8.1,13.2,17.9,13.0831317204301,1.85521778035892,2.6,2725,67,94,100,92.4033027522936,6.56034258363807,9,2976,1010,1017,1023,1017.35584677419,2.59787620215515,3,2976,0,1.8,7.4,2.07859543010753,1.59722727490384,2.325,2976,0,3.7,11.3,3.91199596774194,2.43565681400603,3.6,2976,0,21,360,102.797043010753,121.072095216002,183,2976,10.9,31,22189.7,51103.5,58719.1,45779.4193548387,12048.6374630611,18663.95
"5768","soscmmet",2011,8,2976,8.2,13.5,20.8,13.4439516129032,1.77855111733839,2.3,2695,65,95,100,92.8649350649351,6.84798444825753,9,2976,1011,1017,1022,1017.26142473118,1.79285337190642,2,2976,0,1.6,6.7,1.72872983870968,1.2364837103577,1.9,2976,0,3.2,10.3,3.31186155913979,1.94130609130951,3.1,2976,0,20,360,101.796370967742,125.876725878608,197,2976,1.8,31,17993,39476.7,51987.4,37505.5,10252.9791854856,14897.6
"5769","soscmmet",2011,9,2880,7.5,13.1,23.5,13.2996180555556,2.89414433065979,4,2330,43,95,100,90.7978540772532,10.6867210385893,13,2880,1006,1017,1025,1017.07152777778,3.56516594625079,5,2880,0,1.3,7.6,1.69715277777778,1.34788845360236,1.7,2880,0,2.9,13.5,3.41677083333333,2.37859214234562,2.9,2880,0,174,360,125.576388888889,104.691208381345,174,2880,10.5,30,380.1,18695.6,45200,20448.58,14155.5561144221,24716.45
"5770","soscmmet",2011,10,2976,2.6,12.8,24.4,12.3786290322581,2.87702582226864,3.5,2812,46,96,100,91.9623044096728,8.90680640744658,13,2976,998,1020,1031,1018.62399193548,6.63842258715497,9,2976,0,1.3,8,1.64257392473118,1.33757034009482,1.7,2976,0,3,12.3,3.39069220430108,2.22589135570783,3.2,2976,0,182,360,148.70127688172,89.8078723040513,165,2976,77.7,31,82,11668,25836.9,11025.7774193548,7882.96573533547,12429.95
"5771","soscmmet",2011,11,2880,1.4,8.3,18.2,8.36072916666667,2.75492097955549,3.7,2575,45,97,100,93.1242718446602,9.36284530402719,9,2880,1000,1018,1036,1017.96388888889,7.89621469287747,13,2880,0,1,8,1.56902777777778,1.60881745427293,1.3,2880,0,2.6,21.1,3.6503125,3.30124439570553,2.8,2880,0,182,360,170.59375,65.0950374970201,21,2880,181.8,30,2114.7,11225.2,23515.5,11773.8533333333,5308.07946447634,8169.175
"5772","soscmmet",2011,12,2976,-1.3,5.9,15.8,5.79801747311828,3.4201694539125,5,2739,42,95,100,89.9923329682366,11.0241589903045,16,2976,1010,1027,1037,1025.42641129032,5.77085939662866,9,2976,0,1.1,8.5,1.86381048387097,1.8137877530591,1.8,2976,0,2.7,16.4,3.74217069892473,3.17853713920506,3.3,2976,0,180,360,146.078965053763,84.7878190934642,156.25,2976,88.1,31,2343.7,12917.6,16338.7,11122.3709677419,4752.02761763815,8723.7
"5773","soscmmet",2012,1,2975,-0.2,7.6,15.8,7.3821512605042,3.21068754889484,5.3,2016,35,96,100,91.2142857142857,10.6112311999538,12,2975,992,1022,1035,1020.91092436975,8.14514833988987,9,2975,0,1.2,9.8,2.06010084033613,2.05916962535415,2.1,2975,0,3.1,22.6,4.59193277310924,4.11793632684893,4.3,2975,0,183,360,168.76268907563,71.4522485719497,17,2975,205.4,31,2299.8,10318.9,19472.7,10486.264516129,5019.55969194832,8577.25
"5774","soscmmet",2012,2,2784,0,7.3,20.5,7.21368534482759,3.0717266062663,4.4,0,NA,NA,NA,NA,NA,NA,2784,1003,1020,1033,1020.52334770115,6.3847893041987,8,2784,0,1.1,7.5,1.36375718390805,1.10697541713846,1.3,2784,0,2.9,15.2,3.3430316091954,2.19085618268971,2.9,2784,0,181,360,161.386853448276,73.8938074198645,31,2784,145,29,196,13772.6,29307.3,12780.8275862069,7867.4878509551,13259.7
"5775","soscmmet",2012,3,2976,-1.3,7.05,14,6.83266129032258,2.81813606213983,3.8,0,NA,NA,NA,NA,NA,NA,2976,993,1012,1033,1013.43581989247,9.23747831281087,11,2976,0,1.55,8.4,2.07950268817204,1.68258601128469,1.8,2976,0,3.9,23.8,4.90349462365591,3.58183013433518,3.9,2976,0,184,360,163.01310483871,74.1223029498681,17,2976,442.8,31,4253,18600.5,32711.9,17882.735483871,9297.3861125784,17609.05
"5776","soscmmet",2012,4,2879,1.5,9.7,15.7,9.31764501563043,2.54020921046705,3.1,0,NA,NA,NA,NA,NA,NA,2879,1003,1018,1029,1017.40083362279,5.73098081221236,9,2879,0,1.2,5.5,1.48016672455714,1.11325601619744,1.5,2879,0,3,13.1,3.50177144841959,2.30726719734602,3,2879,0,184,360,163.021535255297,82.5360212911176,39,2879,161.7,30,12008.2,25320,45641.5,27742.7866666667,9954.9087870822,16554.325
"5777","soscmmet",2012,5,2971,2.6,10.6,16.8,10.4280713564456,2.12724342649823,2.4,1956,53,89,100,87.05163599182,9.16363838341005,13.25,1015,1002,1023,1034,1022.90344827586,6.75921008968675,8.5,2973,0,1.7,10.4,2.18008745375042,1.87227605431839,2.5,2973,0,3.7,15.9,4.26505213588967,2.91795498210023,4,2973,0,155,360,118.857383114699,109.812208983047,182,2973,40.9,31,17996.4,43043.1,53939.8,39459.535483871,11654.6600420475,21544.7
"5778","soscmmet",2012,6,911,8.5,13.9,19.3,13.5307354555434,2.4386402731005,3.8,1650,30,86,100,84.2812121212121,12.0695256371565,19,1480,1009,1017,1022,1016.66283783784,3.24196161799871,4,2876,0,1.1,7.6,1.53699582753825,1.36881588229928,1.8,2876,0,3,12.3,3.30751043115438,2.15432893008974,3.2,2876,0,174,360,127.861961057024,108.214016931087,181,2876,65.7,26,7612,38599.95,60434.1,38504.2115384615,15444.5278116834,21343.7
"5779","soscmmet",2012,7,2976,9.2,13.5,19.5,13.4949260752688,1.23420622382836,1.6,2976,64,88,98,87.760752688172,6.74838682034214,9,2976,1010,1018,1024,1018.66532258065,2.54391092349222,4,2976,0,1.9,7.1,2.08225806451613,1.37170484928369,1.9,2976,0,3.8,11,3.93870967741935,2.05283003223128,2.7,2976,0,10,360,107.164650537634,144.927279731939,221,2976,20,31,19038.5,43939.4,57977.6,41529.8258064516,11992.4996814111,21240.35
"5780","soscmmet",2012,8,2976,8,12.8,20.2,12.9087029569892,2.09252086269443,2.8,2976,58,92,99,89.4176747311828,8.30765224465963,11,2976,1009,1017,1024,1016.9438844086,3.2699101160127,5,2976,0,1.6,8.4,1.87926747311828,1.40066620440602,2.1,2976,0,3.6,12,3.80692204301075,2.22429952383572,3.3,2976,0,148.5,360,134.490591397849,133.633480603998,205,2976,1.2,31,18860.8,43420.8,54738.1,39320.3096774194,11099.8074749176,16196.55
"5781","soscmmet",2012,9,2880,6,11.5,19.1,11.4874305555556,1.94347752565078,2.3,2880,59,92,100,89.5739583333333,8.22892852270675,11,2880,1012,1020,1026,1019.23715277778,2.19957877908722,3,2880,0,1.1,8.4,1.63302083333333,1.5445260959194,2,2880,0,2.8,12,3.28201388888889,2.38920580596848,3.4,2880,0,170,360,147.307291666667,135.375344375703,248,2880,2.1,30,11878.4,31529.8,45713.8,30109.14,9843.56383183694,13381.525
"5782","soscmmet",2012,10,2942,4.4,11.2,19.2,11.2717199184228,3.23245753877089,5.2,2942,38,92,99,88.8426240652617,8.60896583440298,10,2942,1002,1017,1029,1017.06322229776,4.81568616833429,5,2942,0,1.5,8.5,1.87202583276683,1.49106687431446,2.1,2942,0,3.4,14.8,4.07158395649218,2.71707888244683,4.1,2942,0,179,360,169.422161794697,79.6572726521723,16.75,2942,182.9,31,5495.8,22345.7,33732.3,20007.7870967742,9366.56382930766,16242
"5783","soscmmet",2012,11,2152,2.4,9.4,16.2,9.38359665427509,3.06098185736969,4.7,2152,48,93,100,90.0515799256506,7.91832067073915,10,2152,996,1016,1027,1014.62871747212,8.33180865439079,16,2152,0,1.2,7.3,1.6881970260223,1.6264835454436,2.1,2152,0,3.5,18.5,4.27063197026022,3.34997824264328,3.8,2152,0,179,360,170.265334572491,59.4923647729331,11,2152,244.2,19,1476.1,9081.5,17875.3,8817.07894736842,4863.3823973512,6672.85
"5784","soscmmet",2012,12,2976,0.2,6.5,14.5,6.8286626344086,2.72523501891691,3.7,2967,54,94,100,91.9288843950118,6.89376066783803,8,2976,993,1016,1030,1015.34543010753,8.32065159555483,14,2976,0,0,6.8,0.26434811827957,0.882301675832189,0,2976,0,0,16.8,1.17573924731183,2.84830767231822,0.1,2976,0,179,360,167.793010752688,60.4764069411548,16,2976,362.8,31,2589,6675.9,15061,7464.13548387097,3463.60521254452,4737.6
"5785","soscmmet",2013,1,2976,-1.6,6,15.7,5.71471774193548,3.44452776887569,5.2,2924,38,94,100,90.4080027359781,10.0524497371922,8,2976,1011,1023,1036,1023.85248655914,5.55087218824569,7,2976,0,0.3,7.2,0.586021505376344,0.863800182041742,0.8,2976,0,1,11.6,1.61337365591398,1.90291662283022,2.5,2976,0,177,360,146.474798387097,89.3969790813252,134,2976,110.7,19,523.4,12367.2,18880.1,11778.3578947368,5978.56472875442,8571.8
"5786","soscmmet",2013,2,2688,0.2,7.5,14.7,7.02756696428571,2.52846594601818,3.3,2688,50,92,100,88.1882440476191,9.3484573101452,13,2688,1004,1025,1034,1024.11904761905,5.80549079706692,6,2688,0,1,8.1,1.42172619047619,1.33272782297114,1.5,2688,0,2.8,14.1,3.32306547619048,2.42899232182198,2.8,2688,0,178,360,155.522693452381,91.4236013559408,110.5,2688,100,28,6751.6,16014.85,27321.2,17109.4678571429,6017.76552305007,9357.275
"5787","soscmmet",2013,3,2975,0.1,8.2,15.7,7.97566386554622,2.8750753952785,3.3,2975,50,92,100,87.8944537815126,9.52254357171003,13,2975,1001,1022,1033,1021.05983193277,6.54823677135361,8.5,2975,0,0.8,9.2,1.36410084033613,1.41192752320463,1.5,2975,0,2.4,15.6,3.06373109243697,2.51069511783869,2.8,2975,0,177,360,144.024537815126,99.7071556236664,176,2975,75.9,31,5581.5,26191.2,41487.2,25260.9612903226,9516.3656715393,14098.75
"5788","soscmmet",2013,4,2880,3.4,9.5,18.9,9.13284722222222,1.99349869452613,2.4,2880,28,88,98,85.8493055555556,10.0025456747806,15.25,2880,1007,1024,1034,1022.65659722222,5.48379705115177,9,2880,0,2,8.8,2.24791666666667,1.76133332101901,2.8,2880,0,4.2,16.7,4.48729166666667,2.91345436744144,4.4,2880,0,32.5,360,105.119791666667,104.766442755161,171,2880,89.6,30,10741.1,38823.9,50324,34380.4666666667,13003.7450500664,19530.5
"5789","soscmmet",2013,5,2976,3.9,11.3,27.6,11.4666330645161,2.64238475581246,2.825,2976,21,87,98,83.6555779569892,12.0233102365366,15,2976,1004,1020,1031,1019.51646505376,5.32453314203481,6,2976,0,1.4,9.4,1.77116935483871,1.45052020000999,1.8,2976,0,3.6,15,3.94075940860215,2.46715199217975,3.4,2976,0,178,360,142.63810483871,95.3366599780405,168,2976,103.8,31,9707.3,38265.4,58087.8,38601.9903225806,12469.9727334199,23030.75
"5790","soscmmet",2013,6,2880,7,12.4,20.2,12.9514583333333,2.63808730820462,3.8,2880,53,89,98,87.746875,6.89927713353114,10,2880,1005,1019,1027,1018.05833333333,4.35671500250591,4,2880,0,1.8,7.7,2.08770833333333,1.54358298955412,2.2,2880,0,3.9,12.6,4.16961805555556,2.49390863183323,3.5,2880,0,168,360,122.733680555556,113.002741413024,178,2880,29.8,30,24196.7,49025.8,59387.3,47388.6833333333,10774.0632205977,17819.2
"5791","soscmmet",2013,7,2842,8.1,11.8,17.1,11.8963054187192,1.80373416949534,2.5,2842,72,90,98,89.670654468684,5.58961841867727,8,2842,1011,1018,1023,1018.04714989444,2.42520510925256,3,2842,0,2.5,9.3,2.62315270935961,1.37893292788818,1.8,2842,0.2,5,13.7,5.01361717100633,2.09564364488253,2.9,2842,0,10,360,106.423645320197,150.193187728098,311,2842,1.2,30,19609.1,49929.05,58320.5,44546.7733333333,12917.6342851461,22375.35
"5792","soscmmet",2013,8,2134,8.7,14,22.9,14.672633552015,2.64268415801861,3.5,2134,44,93,98,89.5895032802249,8.57165284393955,9,2134,1010,1016,1021,1016.10777881912,2.57791940947812,5,2134,0,0.9,6.9,1.37816307403936,1.21611742207366,1.6,2134,0,2.4,11.9,2.941893158388,2.19231863973178,2.9,2134,0,173,360,137.400656044986,116.577121430465,184,2134,12.5,23,58.1,36752.2,50662.7,34658.2695652174,12050.1616362013,10827.45
"5793","soscmmet",2013,9,2880,6.7,14.6,22.6,14.5204861111111,2.5300164897686,2.6,2880,53,92,98,88.9059027777778,8.46096197927397,9,2880,1002,1015,1023,1014.15902777778,4.11400429719496,5,2880,0,1.3,7.9,1.67881944444444,1.39808433245774,1.8,2880,0,3.2,15.9,3.77829861111111,2.70673543118012,3.4,2880,0,179,360,159.983680555556,96.3546697380857,43.25,2880,171.5,30,4396.6,24843.55,45672.9,25763.3033333333,11783.7405800355,18742.625
"5794","soscmmet",2013,10,2971,2.1,10,21,10.0624032312353,2.7920721364477,3.4,2971,28,94,99,89.6728374284753,10.3082784877317,12,2971,1008,1020,1029,1019.86031639179,3.8140724412013,4,2971,0,0.8,6.6,1.29141703130259,1.17091450839034,1.3,2971,0,2.1,10.2,2.66519690339953,1.93460958918403,2.4,2971,0,173,360,138.097946819253,115.035615181094,190,2971,38.8,31,6073.7,23321.9,33220.6,21176.764516129,9155.09262518402,17967.1
"5795","soscmmet",2013,11,2880,-1,8.9,20.9,8.74739583333333,3.35069580414536,4.6,2880,22,93,100,86.7475694444445,14.4976730114226,13,2880,1007,1021,1031,1020.41840277778,5.34352469989626,7,2880,0,0.9,9.4,1.40545138888889,1.51249794113914,1.3,2880,0,2.3,15.1,3.09708333333333,2.48068436002254,2.8,2880,0,177,360,161.901041666667,77.2074941356302,24,2880,86.8,30,4295.8,13275.55,21764.6,13241.3466666667,4313.35605674165,5938.2
"5796","soscmmet",2013,12,2699,-5,4.6,13.6,4.53442015561319,3.83943933775445,5.7,2672,33,95,100,88.684131736527,12.546990032929,15,2699,1010,1025,1035,1025.10337161912,4.77236296059662,7,2699,0,0.7,9.3,1.11419044090404,1.25302695120349,1.1,2699,0,2,13.5,2.65957762134124,2.08753580851896,2.5,2699,0,175,360,153.42423119674,91.4306626324795,127,2699,58.7,29,4140.2,10340.6,15261.6,10349.9103448276,4189.51810264488,8315.2
"5797","soscmmet",2014,1,2976,0.8,7.7,24.2,7.7164314516129,3.45202834063442,5,2976,17,93,100,87.6515456989247,14.1348803075049,10,2976,1010,1022,1039,1022.60147849462,4.89765347671972,4,2976,0,0.8,8,1.26549059139785,1.29937100280738,1.2,2976,0,2.1,17.1,3.01895161290323,2.54073972746126,2.5,2976,0,178,360,165.145833333333,73.9942462181307,20,0,NA,31,1903.2,12565.9,18989.4,11520.7322580645,5806.28688930583,11765.75
"5798","soscmmet",2014,2,2688,1,9,15.8,8.58020833333333,2.95160740292638,4.2,2688,48,93,100,89.3206845238095,9.21786040685508,10,2688,994,1016,1027,1015.28869047619,7.22038569285481,9.25,2688,0,0.9,8.3,1.60877976190476,1.66133740673505,1.7,2688,0,2.7,19.9,3.86112351190476,3.43532771641428,3.6,2688,0,179,360,169.235491071429,67.5683775685539,18,0,NA,28,2756.1,11188.9,27099.8,13214.3678571429,6968.48525758826,11796.85
"5799","soscmmet",2014,3,2976,1.7,10.2,17.9,9.88786962365591,2.80020480003802,3.4,2976,35,88,98,84.5782930107527,11.4909062726819,15,2976,998,1019,1033,1017.88944892473,7.9766176925976,13,2976,0,1.8,9.5,2.27899865591398,1.79022344185381,2.6,2976,0.1,4.3,19.3,4.98958333333333,3.41386875259492,5,2976,0,180,360,150.485215053763,80.6785120235884,31,0,NA,31,7693.7,26085.8,36856.5,24468.4193548387,9927.75831395384,17952.2
"5800","soscmmet",2014,4,2880,2.5,10.2,33.4,10.0440277777778,3.17972133133914,3,2880,13,89,99,85.0722222222222,12.1920059018891,16,2880,1007,1019,1029,1018.99027777778,4.51787110851676,7,2880,0,1.5,9.3,2.13072916666667,1.8776144647039,2.325,2880,0.2,3.6,14,4.26972222222222,2.98814955836901,4.125,2880,0,176,360,131.553472222222,95.419837484912,173,0,NA,30,14689.5,38346.6,49630.5,34361.3966666667,10322.9731485915,14722.2
"5801","soscmmet",2014,5,2976,6.1,12.4,26.9,12.6463037634409,2.72914178903764,2.4,2976,21,85,97,82.8293010752688,11.84478447713,15,2976,1010,1020,1027,1019.50739247312,3.51026525204216,5,2976,0,1.6,7.2,1.92516801075269,1.4504667363561,2.1,2976,0.2,3.7,14.6,4.01656586021505,2.4894205260785,3.7,2976,0,174,360,126.295698924731,103.522127354893,175,0,NA,31,12299.1,47192.2,55669.2,43412.8516129032,10370.6311595412,12912.9
"5802","soscmmet",2014,6,2017,7.9,11.7,17.9,11.7933068914229,1.54632174337838,2.2,2017,69,88,98,86.9573624194348,6.45121855291663,10,2880,1010,1019,1024,1018.38854166667,2.88870925353201,4,2880,0,2.1,8.4,2.47086805555556,1.91433286357423,2.6,2880,0,4.3,12,4.60649305555556,2.84802196275482,4.5,2880,0,19,360,109.782638888889,123.05569628268,183,0,NA,30,12846.3,49335.2,57339.7,46331.2666666667,10964.2412648269,15542.15
"5803","soscmmet",2014,7,0,NA,NA,NA,NA,NA,NA,0,NA,NA,NA,NA,NA,NA,2976,1009,1019,1026,1018.55443548387,2.43318661976277,3,2976,0,1.9,6.6,2.01071908602151,1.27773276899357,1.9,2976,0,3.8,10.5,3.87678091397849,2.0164787981146,2.9,2976,0,14,360,115.368951612903,143.385482535925,233,0,NA,31,18286.5,42954.2,56209.7,40746.4129032258,12918.180280874,24285.6
"5804","soscmmet",2014,8,0,NA,NA,NA,NA,NA,NA,0,NA,NA,NA,NA,NA,NA,2976,1012,1017,1021,1017.10853494624,2.01556491339845,2,2976,0,1.5,7.1,1.58447580645161,1.03082944203886,1.5,2976,0,3.1,9.9,3.21532258064516,1.69211729437517,2.4,2976,0,18,360,124.558803763441,143.294970748437,266.5,0,NA,31,16054.7,35245.5,51301,34143.7741935484,9609.36511072984,16031.25
"5805","soscmmet",2014,9,0,NA,NA,NA,NA,NA,NA,0,NA,NA,NA,NA,NA,NA,2880,1007,1014,1023,1014.17881944444,3.43008915790253,5,2880,0,1.1,6.9,1.46649305555556,1.23113716044819,1.6,2880,0,2.7,11.6,3.13645833333333,2.15463601683842,3.2,2880,0,178,360,146.439930555556,108.800788299331,181,0,NA,30,8958.2,33381.9,43794.3,30676.3266666667,10761.3733247726,17847.625
"5806","soscmmet",2014,10,0,NA,NA,NA,NA,NA,NA,0,NA,NA,NA,NA,NA,NA,2976,994,1015,1026,1014.57190860215,5.55294188239808,8,2976,0,1.1,7.8,1.46165994623656,1.23125615980074,1.4,2976,0,2.6,17.5,3.34391801075269,2.51829540294001,2.9,2976,0,181,360,169.497647849462,76.2340844026976,21,0,NA,31,3742.8,18169.8,33077.2,18289.7580645161,9615.24226558278,16723.6
"5807","soscmmet",2014,11,0,NA,NA,NA,NA,NA,NA,0,NA,NA,NA,NA,NA,NA,2880,1003,1018,1031,1018.48472222222,6.4937870159245,10,2880,0,1.1,7.4,1.48385416666667,1.27175739431974,1.5,2880,0,3.1,17.8,3.63663194444444,2.52282015032643,2.925,2880,0,178,360,166.006944444444,62.8311383708683,16,0,NA,30,1732.5,9785.05,19898.7,11172.0833333333,5362.0928670837,8756.65
"5808","soscmmet",2014,12,0,NA,NA,NA,NA,NA,NA,0,NA,NA,NA,NA,NA,NA,2976,984,1016,1036,1016.29872311828,9.52568284497981,14,2976,0,1.2,8.9,1.54028897849462,1.29364046951327,1.4,2976,0,3,18.8,3.85467069892473,2.84630351920822,3,2976,0,179,360,165.248991935484,65.0568994577108,19,0,NA,31,1256.2,5827.6,13046.7,6152.08709677419,3043.31564172389,3691.45
"5809","soscmmet",2015,1,0,NA,NA,NA,NA,NA,NA,0,NA,NA,NA,NA,NA,NA,2976,1011,1023,1032,1022.46202956989,4.25022824266598,6,2976,0,0.7,6.7,1.01757392473118,1.09876491146548,0.9,2976,0,1.9,19.7,2.52533602150538,2.27608462751046,2,2976,0,180,360,171.790322580645,66.131875280872,23.25,0,NA,31,3077.7,12625.1,17780.7,11240.3096774194,4752.72236795957,7337.6
"5810","soscmmet",2015,2,0,NA,NA,NA,NA,NA,NA,0,NA,NA,NA,NA,NA,NA,152,NA,NA,NA,NA,NA,NA,152,NA,NA,NA,NA,NA,NA,152,NA,NA,NA,NA,NA,NA,152,NA,NA,NA,NA,NA,NA,0,NA,2,NA,NA,NA,NA,NA,NA
"5811","soscmmet",2015,3,0,NA,NA,NA,NA,NA,NA,0,NA,NA,NA,NA,NA,NA,0,NA,NA,NA,NA,NA,NA,0,NA,NA,NA,NA,NA,NA,0,NA,NA,NA,NA,NA,NA,0,NA,NA,NA,NA,NA,NA,0,NA,0,NA,NA,NA,NA,NA,NA
"5812","soscmmet",2015,4,0,NA,NA,NA,NA,NA,NA,0,NA,NA,NA,NA,NA,NA,0,NA,NA,NA,NA,NA,NA,0,NA,NA,NA,NA,NA,NA,0,NA,NA,NA,NA,NA,NA,0,NA,NA,NA,NA,NA,NA,0,NA,0,NA,NA,NA,NA,NA,NA
"5813","soscmmet",2015,5,0,NA,NA,NA,NA,NA,NA,0,NA,NA,NA,NA,NA,NA,0,NA,NA,NA,NA,NA,NA,0,NA,NA,NA,NA,NA,NA,0,NA,NA,NA,NA,NA,NA,0,NA,NA,NA,NA,NA,NA,0,NA,0,NA,NA,NA,NA,NA,NA
"5814","soscmmet",2015,6,0,NA,NA,NA,NA,NA,NA,0,NA,NA,NA,NA,NA,NA,0,NA,NA,NA,NA,NA,NA,0,NA,NA,NA,NA,NA,NA,0,NA,NA,NA,NA,NA,NA,0,NA,NA,NA,NA,NA,NA,0,NA,0,NA,NA,NA,NA,NA,NA
"5815","soscmmet",2015,7,0,NA,NA,NA,NA,NA,NA,0,NA,NA,NA,NA,NA,NA,0,NA,NA,NA,NA,NA,NA,0,NA,NA,NA,NA,NA,NA,0,NA,NA,NA,NA,NA,NA,0,NA,NA,NA,NA,NA,NA,0,NA,0,NA,NA,NA,NA,NA,NA
"5816","soscmmet",2015,8,0,NA,NA,NA,NA,NA,NA,0,NA,NA,NA,NA,NA,NA,0,NA,NA,NA,NA,NA,NA,0,NA,NA,NA,NA,NA,NA,0,NA,NA,NA,NA,NA,NA,0,NA,NA,NA,NA,NA,NA,0,NA,0,NA,NA,NA,NA,NA,NA
"5817","soscmmet",2015,9,0,NA,NA,NA,NA,NA,NA,0,NA,NA,NA,NA,NA,NA,0,NA,NA,NA,NA,NA,NA,0,NA,NA,NA,NA,NA,NA,0,NA,NA,NA,NA,NA,NA,0,NA,NA,NA,NA,NA,NA,0,NA,0,NA,NA,NA,NA,NA,NA
"5818","soscmmet",2015,10,0,NA,NA,NA,NA,NA,NA,0,NA,NA,NA,NA,NA,NA,0,NA,NA,NA,NA,NA,NA,0,NA,NA,NA,NA,NA,NA,0,NA,NA,NA,NA,NA,NA,0,NA,NA,NA,NA,NA,NA,0,NA,0,NA,NA,NA,NA,NA,NA
"5819","soscmmet",2015,11,0,NA,NA,NA,NA,NA,NA,0,NA,NA,NA,NA,NA,NA,0,NA,NA,NA,NA,NA,NA,0,NA,NA,NA,NA,NA,NA,0,NA,NA,NA,NA,NA,NA,0,NA,NA,NA,NA,NA,NA,0,NA,0,NA,NA,NA,NA,NA,NA
"5820","soscmmet",2015,12,0,NA,NA,NA,NA,NA,NA,0,NA,NA,NA,NA,NA,NA,0,NA,NA,NA,NA,NA,NA,0,NA,NA,NA,NA,NA,NA,0,NA,NA,NA,NA,NA,NA,0,NA,NA,NA,NA,NA,NA,0,NA,0,NA,NA,NA,NA,NA,NA
"5821","sostcmet",2016,10,0,NA,NA,NA,NA,NA,NA,0,NA,NA,NA,NA,NA,NA,680,1001,1013,1024,1014.16911764706,5.74719646971841,8,680,0,0.4,4.8,0.755441176470588,0.939134333044942,0.8,680,0,1.2,12.7,1.98485294117647,2.07374142866259,1.6,680,0,183,348,165.069117647059,56.7322179451485,44.5,680,47.6,9,0,9096.1,17994.2,9507.46666666667,6705.93533875029,10762
"5822","sostcmet",2016,11,0,NA,NA,NA,NA,NA,NA,0,NA,NA,NA,NA,NA,NA,2880,1000,1018,1027,1017.02430555556,5.43726412171141,6,2880,0,0.4,5.9,0.813888888888889,1.10010963558037,0.7,2880,0,1.3,14.4,2.21052083333333,2.49075896921115,1.7,2880,0,182,360,165.784027777778,60.5273963193728,53,2880,454,30,3030.9,8510.4,18009.1,9533.32333333333,4012.69419980652,4761.6
"5823","sostcmet",2016,12,0,NA,NA,NA,NA,NA,NA,0,NA,NA,NA,NA,NA,NA,2976,1003,1023,1034,1021.87802419355,6.96055447376656,10,2976,0,0.3,5.6,0.565120967741935,0.790187629341011,0.6,2976,0,1,13.4,1.57953629032258,1.76728284630691,1.2,2976,0,160,360,143.104166666667,82.3033734430858,101,2976,228.7,31,1149.5,8494.2,12629.8,7876.79032258064,3245.24718302061,5130.5
"5824","sostcmet",2017,1,0,NA,NA,NA,NA,NA,NA,0,NA,NA,NA,NA,NA,NA,2976,984,1017,1038,1014.90490591398,12.7353156615589,18,2976,0,0.3,6.6,0.633030913978495,0.903201227596265,0.6,2976,0,1,17.8,1.78299731182796,2.14781496659956,1.4,2976,0,175,360,151.92876344086,79.3100900631928,91,2976,283.6,31,1504,9737,16186.7,8677.88387096774,4062.10304104469,6508.55
"5825","sostcmet",2017,2,0,NA,NA,NA,NA,NA,NA,0,NA,NA,NA,NA,NA,NA,2680,992,1011,1033,1012.30074626866,10.0603553477415,18,2680,0,0.7,7.7,1.39570895522388,1.51348062778156,1.8,2680,0,2,20.3,3.47246268656716,3.36074587265322,4.1,2680,0,183,360,170.853731343284,76.8108905126009,61,2680,465.6,28,3456,12354.8,27724.9,12876.3107142857,6041.04794596405,9288.35
"5826","sostcmet",2017,3,0,NA,NA,NA,NA,NA,NA,0,NA,NA,NA,NA,NA,NA,2976,1003,1020,1034,1019.43615591398,7.00688424082017,10,2976,0,0.9,6.3,1.35944220430108,1.26333620934215,1.9,2976,0,2.5,14.9,3.30487231182796,2.7109029381357,4.1,2976,0,186,360,176.623991935484,71.6843459980513,44,2976,328.8,31,7489.8,15291.4,40613.9,17620.7806451613,8758.93779939171,11469
"5827","sostcmet",2017,4,0,NA,NA,NA,NA,NA,NA,0,NA,NA,NA,NA,NA,NA,2880,988,1018,1031,1018.13645833333,7.86052814387115,12,2880,0,1,7.9,1.44100694444444,1.36333253813529,2.1,2880,0,2.65,18.2,3.48684027777778,2.92092564364018,4.5,2880,0,190,360,186.250347222222,84.7604115757716,48,2880,218,30,9848.2,26835.2,48864.2,28658.05,12384.4042591326,22335.65
"5828","sostcmet",2017,5,0,NA,NA,NA,NA,NA,NA,0,NA,NA,NA,NA,NA,NA,2976,1011,1019,1029,1019.23555107527,3.31007520776914,5,2976,0,1.4,5.5,1.50655241935484,1.12704599800586,1.8,2976,0,3.2,11.6,3.53766801075269,2.42479956139458,3.8,2976,0,191,360,180.987903225806,130.868971053918,311.25,2976,113.2,31,23602.5,41696.7,57251.2,41100.2516129032,11073.8933282705,20503.5
"5829","sostcmet",2017,6,0,NA,NA,NA,NA,NA,NA,0,NA,NA,NA,NA,NA,NA,2880,1007,1019,1025,1019.01805555556,3.38268177465399,4,2880,0,1.4,5,1.55506944444444,1.14517365992967,1.9,2880,0,3.4,12.3,3.66569444444444,2.52435931097722,4,2880,0,189,360,180.664583333333,126.96361813176,276,2880,76.6,30,18972,42548.3,60451.7,42554.61,13145.8531380747,23469.725
"5830","sostcmet",2017,7,0,NA,NA,NA,NA,NA,NA,0,NA,NA,NA,NA,NA,NA,2976,1015,1021,1026,1020.75033602151,2.12796503288218,2,2976,0,2,4.6,1.86918682795699,1.04694263679891,1.6,2976,0,4.5,14.1,4.37631048387097,2.42526754231418,3.7,2976,0,170.5,360,175.284274193548,158.250015470184,336,2976,4.5,31,20301.6,51481.9,58587,48787.9580645161,9361.35750838784,9932.8
"5831","sostcmet",2017,8,0,NA,NA,NA,NA,NA,NA,0,NA,NA,NA,NA,NA,NA,2976,1012,1017,1023,1017.38004032258,2.24343482113764,3,2976,0,1.4,4.9,1.48521505376344,1.04874626428206,1.6,2976,0,3.3,12.3,3.41122311827957,2.31278689960286,3.5,2976,0,195,360,190.854166666667,147.349673527007,327,2976,6.3,31,17033.8,39067.3,54921.9,38114.2870967742,11042.6898530428,16009.6
"5832","sostcmet",2017,9,0,NA,NA,NA,NA,NA,NA,0,NA,NA,NA,NA,NA,NA,2804,1010,1016,1025,1016.87696148359,3.04986221780108,4,2804,0,0.9,4.5,1.14761055634807,0.996514437508316,1.5,2804,0,2.1,9.6,2.65110556348074,2.12522744981171,3.3,2804,0,191,360,181.097717546362,118.280777025853,236.25,2804,35.3,30,7356.6,27154.15,40625.8,27628.9833333333,8691.91700708126,13923.625
"5833","sostcmet",2017,10,0,NA,NA,NA,NA,NA,NA,0,NA,NA,NA,NA,NA,NA,2976,1006,1021,1035,1021.07358870968,5.26740042632868,6,2976,0,0.6,5.7,1.01283602150538,1.12439259628522,1.4,2976,0,1.4,14,2.41004704301075,2.44047450913116,3.1,2976,0,190,360,177.097446236559,103.021446311915,104,2976,146.8,31,3703,22462.4,32203.4,21122.7290322581,8597.58009574762,11455.45
"5834","sostcmet",2017,11,0,NA,NA,NA,NA,NA,NA,0,NA,NA,NA,NA,NA,NA,2880,1003,1017,1031,1016.91006944444,6.22775187053304,9,2880,0,0.5,6.2,0.9940625,1.21058898578946,1.1,2880,0,1.4,15.2,2.56826388888889,2.73441774473556,2.6,2880,0,182,359,166.011111111111,63.9863589482162,40.25,2880,280.5,30,2422.4,9762.3,17338.6,8788.67666666667,4249.11962562659,7537.25
"5835","sostcmet",2017,12,0,NA,NA,NA,NA,NA,NA,0,NA,NA,NA,NA,NA,NA,2976,1009,1026,1034,1025.07762096774,4.41361794680055,5,2976,0,0.3,6.6,0.525369623655914,0.762713993867736,0.5,2976,0,0.9,13.6,1.38114919354839,1.65221648628917,0.8,2976,0,185,359,158.306451612903,69.4637479144992,78.25,2976,103.1,31,1548.9,10013,11969.6,8671.78387096774,2966.95798128844,3092.9
"5836","sostcmet",2018,1,0,NA,NA,NA,NA,NA,NA,0,NA,NA,NA,NA,NA,NA,2976,1002,1020,1031,1019.61962365591,6.25528116984198,10,2976,0,0.4,6.3,0.865120967741935,1.16656783908053,0.9,2976,0,1.2,15.2,2.27540322580645,2.5716083654502,2.1,2976,0,182,360,167.128360215054,65.017750559865,47,2976,306.3,31,3140.1,7617.9,13405.6,8012.38709677419,2978.10453026103,3974.55
"5837","sostcmet",2018,2,0,NA,NA,NA,NA,NA,NA,0,NA,NA,NA,NA,NA,NA,2688,1005,1026,1035,1024.70535714286,5.26246876880669,6,2688,0,0.6,5.1,0.863616071428571,0.8683796604911,1.1,2688,0,1.5,13.7,2.23277529761905,1.98227186525413,2.5,2688,0,187,360,179.271949404762,107.372871151156,118,2688,173.3,28,4238.2,16827.9,24751.2,15824.0285714286,5208.22841407974,7862.925
"5838","sostcmet",2018,3,149,NA,NA,NA,NA,NA,NA,149,NA,NA,NA,NA,NA,NA,2973,999,1017,1034,1017.56777665658,8.28280404621535,13,2973,0,0.7,6.5,1.05697948200471,1.10226239809883,1.5,2973,0,1.8,17.7,2.6188025563404,2.4610942358059,3.1,2973,0,186,360,176.540195089136,91.0069629778948,76,2973,275.2,31,4279.2,23185.9,38708.8,21860.2193548387,9738.0124434924,16847.85
"5839","sostcmet",2018,4,2880,-1.5,9.4,22.5,9.20475694444444,3.82243722498596,4.9,2880,20,91,100,84.9805555555556,14.3972435601263,21,2880,1000,1019,1032,1019.74965277778,6.45067047555163,7,2880,0,0.8,6.3,1.32920138888889,1.30664454211099,1.9,2880,0,2,15.4,3.13079861111111,2.77062558928926,3.925,2880,0,189,360,184.814236111111,84.9677126760612,60,2880,219.2,30,8156,28633.8,49092.9,29270.5766666667,12245.4038577093,18938.95
"5840","sostcmet",2018,5,2976,3.9,11.9,20.5,11.9359543010753,2.32581514686931,2.8,2976,50,85,99,83.6441532258064,10.1148058259256,17,2976,1013,1020,1028,1020.27889784946,3.38094088564867,5,2976,0,1.5,4.8,1.52412634408602,1.09454994066202,1.825,2976,0,3.6,11.4,3.59277553763441,2.41837744578301,4.1,2976,0,190,360,180.765793010753,133.109934672361,297,2976,4.7,31,16481.8,38736.4,57618.6,38049.3806451613,11116.9651939553,16826.1
"5841","sostcmet",2018,6,2880,2,13.7,21.2,13.2623263888889,3.33679177840318,3.9,2880,44,87,99,83.7326388888889,12.3501385769794,20,2880,1014,1020,1026,1020.08784722222,2.75191522260774,4,2880,0,1.4,4.7,1.48010416666667,1.10890643739127,1.9,2880,0,3.5,12.6,3.49631944444444,2.47153162242564,4.4,2880,0,192,360,194.543055555556,130.098411278796,264,2880,25.7,30,23358.7,49326.7,59523.9,48069.3766666667,10824.1432944641,14359.4
"5842","sostcmet",2018,7,2976,5.5,13.9,20.1,13.9828965053763,2.34845627337209,3.025,2976,56,91,99,87.9045698924731,9.87928650248279,14,2976,1013,1021,1027,1021.27049731183,2.47971600867725,3,2976,0,1.8,5,1.86834677419355,0.9888246594327,1.4,2976,0,4.2,13.1,4.34650537634409,2.25530363946622,3.2,2976,0,207.5,360,192.470430107527,156.584796366246,339,2976,0.9,31,19276.5,45739.5,58399.2,44243.7387096774,11141.0050809514,18620.55
"5843","sostcmet",2018,8,2976,8.1,14.5,23.4,14.8221438172043,2.18990585135459,2.7,2976,53,92,100,89.2016129032258,9.30154107152314,13,2976,1014,1019,1025,1019.29838709677,2.49335468109452,4,2976,0,1.2,4.3,1.34509408602151,0.944679639558801,1.4,2976,0,2.9,10.3,3.14479166666667,2.07761492787172,3.2,2976,0,192,360,188.71438172043,144.245546047152,324,2976,5,31,12120.7,36170.4,54205.9,33744.1806451613,12312.9539539034,20654.95
"5844","sostcmet",2018,9,2880,3.4,13.4,24.2,13.4036805555556,3.74228027855503,5.1,2880,42,92,100,86.1361111111111,13.0935746294411,21,2880,1009,1019,1024,1018.37777777778,3.20878103226406,4,2880,0,1,5,1.27861111111111,1.10787738691007,1.8,2880,0,2.2,13.3,2.96479166666667,2.43725212934439,3.9,2880,0,195,360,192.031944444444,113.058959221277,230,2880,16.5,30,11472.5,35746.95,44808.6,34461.2133333333,7315.56783016514,6035.725
"5845","sostcmet",2018,10,2976,-0.5,10.9,25.3,11.052688172043,4.33691438522222,5.5,2976,14,97,100,90.692876344086,14.0222786599148,9,2976,1011,1020,1030,1019.84543010753,3.92230843749072,5,2976,0,0.6,4.3,0.956888440860215,0.912206446293611,1.3,2976,0,1.7,10,2.29684139784946,1.97797029564833,2.9,2976,0,187,360,178.997311827957,102.889794968878,99,2976,112.9,31,6193.9,19772.9,30498.9,18652.3387096774,8973.42384234979,17500.95
"5846","sostcmet",2018,11,2880,-2.4,8.3,17,8.00545138888889,4.53079020552557,6.3,2880,48,99,100,95.3947916666667,8.45777206231498,4,2880,998,1023,1032,1020.97916666667,7.42779881301782,12,2880,0,0.4,5.1,0.644479166666667,0.776337313566447,0.7,2880,0,1.1,13.1,1.69958333333333,1.7792696399213,1.5,2880,0,184,360,163.782986111111,92.8455102260092,105.25,2880,180.2,30,2847.7,11089.75,17610.6,10581.6866666667,4280.58268388887,5922.925
"5847","sostcmet",2018,12,2976,-2.1,6.6,14.7,6.40930779569892,3.99586055451292,6.3,2976,59,99,100,96.885752688172,5.0224757333504,4,2976,1003,1022,1033,1021.70194892473,6.20714223196236,10,2976,0,0.4,8.1,0.76619623655914,1.07037719596707,0.7,2976,0,1.1,18.9,2.01219758064516,2.42424637707208,1.4,2976,0,183,360,166.082661290323,64.512057801539,47,2976,236,31,1745.8,7219.4,13230.3,7279.56129032258,3399.85751110027,6156.95
"5848","sostcmet",2019,1,2976,-2.5,6.8,15.2,6.59737903225806,3.97950968460936,5.8,2976,64,99,100,96.8528225806452,6.11622820801721,3,2976,988,1017,1035,1017.82325268817,9.41732768949989,13.25,2976,0,0.4,5.9,0.758434139784946,1.04387260613824,0.6,2976,0,1.1,14.2,1.9533938172043,2.34850681848116,1.2,2976,0,185,359,166.882728494624,67.0524341977749,54,2976,217.4,31,2368.7,9598.8,16236.9,8987.9064516129,4113.95754393386,7031.25
"5849","sostcmet",2019,2,2688,-1.8,4.65,12.2,4.47302827380952,3.33574513262357,5.6,2688,52,98,100,95.3850446428571,7.61343881646618,5,2688,986,1015,1033,1013.59858630952,9.67291413268907,15,2688,0,0.6,5.2,0.917819940476191,0.999828125320949,1,2688,0,1.6,12.1,2.42287946428571,2.3089430600792,2.5,2688,0,183,360,168.313988095238,92.623465904661,98.25,2688,478.2,28,3377.4,11616,26258.5,12308.6107142857,6195.43033834522,8674.45
"5850","sostcmet",2019,3,2973,-3.1,6.1,21.3,6.31268079381097,4.62377741776593,7,2973,33,97,100,89.1617894382778,14.3613384292881,18,2973,1001,1019,1031,1019.45980491086,5.7801944845791,7,2973,0,0.4,5.8,0.80033636057854,0.965205517142759,1.1,2973,0,1.1,13.2,1.986175580222,2.03864760482149,2.5,2973,0,188,360,171.963336696939,95.8280639184261,101,2973,92.2,31,9027.4,30526.5,42278,27142.8225806452,8633.51077151158,10312.65
"5851","sostcmet",2019,4,2363,2.3,10.4,21,10.477994075328,2.59660558823025,2.9,2363,43,95,100,90.6754126110876,10.3497279039263,15,2363,1005,1020,1035,1019.85907744393,6.84447009398188,10,2359,0,1,6.1,1.33632895294616,1.27954757177534,1.9,2359,0,2.7,15.5,3.23361593895719,2.76552171778103,4.1,2359,0,188,360,182.102585841458,106.65082415395,95.5,2363,42.9,25,6630,24257,46902.6,24796.244,11931.9953147018,15681.8
"5852","sostcmet",2019,5,25,NA,NA,NA,NA,NA,NA,25,NA,NA,NA,NA,NA,NA,1240,1003,1018,1023,1016.51290322581,4.54213468855389,7,1240,0,0.6,5.8,0.888790322580645,1.01126591228328,1.4,1240,0,3.6,11.8,3.22637096774194,2.4589359807997,4.7,0,NA,NA,NA,NA,NA,NA,1240,37.6,14,15225.9,30186.95,53919.7,32096.2357142857,11332.4562706894,17086.25
"5853","sostcmet",2019,6,0,NA,NA,NA,NA,NA,NA,0,NA,NA,NA,NA,NA,NA,2880,1013,1021,1030,1020.88402777778,3.59746279304388,6,2880,0,1.05,5,1.23375,1.16611584112167,2.2,2880,0,4.2,11.4,3.84947916666667,2.85364426510827,5.9,0,NA,NA,NA,NA,NA,NA,2880,7.4,30,25054.9,54379.45,59990.5,50311.73,9793.63561605717,12315.625
"5854","sostcmet",2019,7,1974,8.2,16.6,22.7,16.5016210739615,2.72273888786211,3.6,1974,59,88,100,85.9625126646403,10.7945666425333,19,2973,1016,1019,1026,1019.8432559704,1.97485516464743,3,2973,0,0.4,4.9,0.923814328960646,1.07946293309521,1.8,2973,0,3,10.2,3.01984527413387,2.68182213477943,5.2,0,NA,NA,NA,NA,NA,NA,2973,15.6,31,20898.2,51674.1,57462.5,48003.2387096774,9761.45680007779,9660.84999999999
"5855","sostcmet",2019,8,2025,6.7,16.3,27.4,16.1879506172839,3.5804327963834,4.4,2025,45,92,100,86.3491358024691,12.8135412136004,21,2025,1010,1018,1024,1017.36691358025,2.80196000092381,3,2025,0,0.4,4.6,0.973777777777778,1.14989207261209,1.9,2025,0,3.1,10.2,3.08286419753086,2.74770793698017,5.4,0,NA,NA,NA,NA,NA,NA,2025,13.7,22,14068.3,43001.25,54787.8,39994.5909090909,10797.0181329719,12043.85
"5856","sostcmet",2019,9,2880,3.5,15.2,22.6,15.0099652777778,3.48220424997299,4.7,2880,55,96,100,90.6256944444444,11.3823092446686,16.25,2880,1010,1018,1027,1017.84201388889,3.92430622401663,6,2880,0,0,4.4,0.547743055555556,0.876683678568578,1,2880,0,0.1,9.6,1.97052083333333,2.38279458718547,3.9,0,NA,NA,NA,NA,NA,NA,2880,187.9,30,6455.8,32174.45,42789.5,29503.98,9805.95061154899,14833.35
"5857","sostcmet",2019,10,1918,-2.8,8,20.5,8.10099061522419,5.46126723490759,9.2,1918,23,97,100,86.5583941605839,18.1955264563144,24,1918,1014,1022,1029,1021.96350364964,3.88283310670441,7,1918,0,0.1,3.9,0.629197080291971,0.923140453039176,1,1918,0,0.5,9.7,1.78680917622523,2.32642127033173,3.6,612,NA,NA,NA,NA,NA,NA,1918,16.3,21,1034.2,22247.8,32578.7,23784.3380952381,7229.71524435618,8388.7
"5858","sostcmet",2019,11,2880,-3.6,6.9,18.7,6.72496527777778,4.68029261221186,6.725,2880,47,100,100,95.7201388888889,8.53076959319535,4,2880,982,1021,1029,1018.71736111111,8.14355252365991,8,2880,0,0.4,4.1,0.730729166666667,0.75717947690532,0.9,2880,0,1.1,9.4,1.78322916666667,1.65044437780681,1.8,2880,0,182,360,162.947569444444,106.896523092096,128,2880,82.1,30,1413.2,12891.9,19287.6,11678.0866666667,4488.77354616844,6832.775
"5859","sostcmet",2019,12,2976,-1.4,6.7,16.2,6.92997311827957,3.58501298699519,4.9,2976,57,100,100,98.0581317204301,6.20194990244131,1,2976,1005,1018,1030,1017.44590053763,5.86117520514428,9,2976,0,0.3,7.1,0.718380376344086,1.19480170900306,0.6,2976,0,1,16.3,1.83565188172043,2.63825300838489,1.1,2976,0,179,360,153.173387096774,83.5773129367881,97,2976,287.9,31,1587.7,5877.4,12545.4,6437.89032258065,3333.70947707953,6107.15
"5860","sostcmet",2020,1,2976,-0.4,8.8,16.2,8.36065188172043,3.07635505897108,4.4,2976,36,99,100,95.6730510752688,6.99399210838705,6,2976,1000,1020,1037,1020.31048387097,6.46404699061529,8,2976,0,0.7,5.4,1.20006720430108,1.21454213616658,1.6,2976,0,1.95,15.2,3.02358870967742,2.64755375105643,3.5,2976,0,182,360,171.771841397849,56.0837191741635,44,2976,427.1,31,2534.5,7697.7,11790.6,7239.42258064516,2733.71312817197,4653.15
"5861","sostcmet",2020,2,2784,-2.9,6.3,16.3,5.8582974137931,3.97891262994796,6.6,2784,40,100,100,93.3268678160919,11.1665043484094,9,2784,1019,1027,1038,1027.34770114943,4.25985890323171,7,2784,0,0.6,4.8,0.911350574712644,0.886538712179151,1.3,2784,0,1.4,11.1,2.19640804597701,1.93793790785368,2.8,2784,0,184.5,360,173.836206896552,104.537217943876,118,2780,126.8,29,4368.4,19141.1,28253.3,17920.7310344828,6956.92721476245,11622.2
"5862","sostcmet",2020,3,2976,-1.9,6.9,13.2,6.35994623655914,3.51521951889439,5.5,2976,58,97,100,91.3649193548387,11.0167130112991,16,2976,1003,1020,1033,1019.89583333333,5.53533214548001,7,2976,0,0.8,5.4,1.14307795698925,1.0788879126389,1.7,2976,0,1.9,13.1,2.66270161290323,2.32443504505209,3.4,2976,0,187.5,360,181.177083333333,100.188588016637,76.25,2785,38.5,19,6.5,24280.2,34276.5,23092.7736842105,9393.53944248931,12884.4
"5863","sostcmet",2020,4,2880,-0.8,9.8,24.5,9.53611111111111,3.96380307084679,4.525,2880,18,96,100,89.1961805555556,13.8292087852344,18,2880,999,1023,1031,1021.23298611111,6.04896847091759,5,2880,0,1.1,5,1.31923611111111,1.06775244457292,1.7,2880,0,2.7,10,3.04767361111111,2.29484860485526,3.9,2880,0,192.5,360,186.538194444444,114.039876206832,174.25,0,NA,0,NA,NA,NA,NA,NA,NA
"5864","sostcmet",2020,5,2221,2.2,12.4,22.1,11.7015308419631,3.37950732023757,4.3,2221,45,93,100,88.4880684376407,12.525809999048,20,2221,1006,1021,1033,1019.65691130122,5.36129633424328,6,2221,0,1,5.7,1.31368752814048,1.06523776036204,1.7,2221,0,2.4,11.6,3.09108509680324,2.36242388550983,3.9,2221,0,194,360,190.199909950473,115.794784382035,225,0,NA,0,NA,NA,NA,NA,NA,NA
"5865","sostcmet",2020,6,2880,4.2,13.7,20.5,13.4517361111111,2.80911354384327,3.5,2880,46,93,100,89.2847222222222,10.6970750673954,18,2880,1010,1019,1028,1019.74722222222,3.37316596393909,4,2880,0,1.5,5.4,1.58104166666667,1.09335751778093,1.8,2880,0,3.6,10.7,3.70336805555556,2.4679549093283,4.125,2880,0,201,360,201.578472222222,126.413750655273,251,0,NA,0,NA,NA,NA,NA,NA,NA
"5866","sostcmet",2020,7,2976,7.7,13.6,21.4,14.0249327956989,2.50701000300077,3.4,2976,58,94,100,89.6213037634409,11.2298253739709,18,2976,1013,1019,1025,1019.1690188172,2.70648046036451,3,2976,0,1.7,5,1.67076612903226,1.0286969244772,1.6,2976,0,3.9,12.2,3.89287634408602,2.36518650843058,3.8,2976,0,330,360,217.411962365591,147.263960042646,317,0,NA,0,NA,NA,NA,NA,NA,NA
"5867","sostcmet",2020,8,2644,7.1,14.8,31.7,15.1085854765507,3.42152912635535,4.1,2644,29,93,100,88.570726172466,11.9609620756193,16,2644,1012,1018,1024,1018.21028744327,2.84862647412429,5,2644,0,1.6,5.1,1.70552193645991,1.12230833750679,1.8,2644,0,3.7,11.9,3.90919062027231,2.53501447703199,4.2,2644,0,198,360,196.378593040847,140.344430683045,299.25,0,NA,0,NA,NA,NA,NA,NA,NA
"5868","sostcmet",2020,9,1988,7,15.2,35.6,15.1799798792757,4.16518530145636,5.425,1988,18,98,100,91.6086519114688,12.1711815525885,14.25,1988,1013,1018,1028,1018.08350100604,3.11934552006943,3,1988,0,0.6,6.5,0.978521126760563,1.07728359109289,1.1,1988,0,1.3,13.2,2.2546277665996,2.25701695346025,2.3,1988,0,190,360,180.78722334004,93.7178812498724,83.5,0,NA,0,NA,NA,NA,NA,NA,NA
"5869","sostcmet",2020,10,2976,-2.5,12.8,21.7,11.654435483871,4.40600893935219,5.6,2976,30,98,100,91.135752688172,13.1136615647557,14.25,2976,1008,1022,1033,1022.22580645161,4.68124303195285,5,2976,0,0.9,4.9,1.13088037634409,0.940672402707118,1.5,2976,0,2,11.7,2.62197580645161,2.11223429295191,3.225,2976,0,189,360,180.571572580645,127.65025847639,276,0,NA,23,6978.5,21540.1,27666,20567.2565217391,5275.4749155301,4322.3
"5870","sostcmet",2020,11,2880,-2.6,7.8,19.4,7.61430555555556,4.68594265499057,6.4,2880,47,100,100,95.3381944444444,8.39731921469222,6,2880,998,1022,1034,1020.63298611111,7.36275528903023,8,2880,0,0.6,7.5,1.04354166666667,1.18688267074844,1.1,2880,0,1.5,20,2.50836805555556,2.64221140617518,2.4,2880,0,185,360,171.775694444444,65.1240329376833,40,0,NA,30,4734.9,10898,18278.5,10753.7666666667,3388.99047406943,4487.5
"5871","sostcmet",2020,12,2976,-2.3,6.3,14.5,6.30880376344086,4.14928684128082,6.6,2976,65,100,100,98.1522177419355,4.76958308566482,1,2976,1004,1023,1034,1022.6125672043,5.78675073155009,8,2976,0,0.5,5.5,0.84801747311828,1.03381943437327,0.8,2976,0,1.2,14.1,2.09882392473118,2.27928234936937,1.6,2976,0,180,360,160.686491935484,64.6078240103566,65.5,0,NA,31,1543.6,8485.1,12299.1,7921.36451612903,3154.49173302117,5258.9
"5872","sostcmet",2021,1,0,NA,NA,NA,NA,NA,NA,0,NA,NA,NA,NA,NA,NA,2976,995,1018,1033,1018.80477150538,8.45201129152951,12,2976,0,0.5,7.5,1.00534274193548,1.30337184571509,0.9,2976,0,1.3,16.6,2.51441532258065,2.90876921516868,2,2976,0,178,360,159.454637096774,77.519125048197,83,2976,313.3,31,2142.3,7560.5,14895.5,7808.21612903226,3641.81531346633,6020.75
"5873","sostcmet",2021,2,0,NA,NA,NA,NA,NA,NA,0,NA,NA,NA,NA,NA,NA,2688,1005,1025,1038,1024.24553571429,7.94088566933574,13,2688,0,0.6,5.1,0.967931547619048,0.978400086095757,1.3,2688,0,1.6,12.1,2.3936755952381,2.16404565415588,2.8,2688,0,185,360,180.06212797619,85.4593677995988,57,2688,248.4,28,1960,14675.85,29636,14140.6,6757.73725810864,9194.925
"5874","sostcmet",2021,3,0,NA,NA,NA,NA,NA,NA,0,NA,NA,NA,NA,NA,NA,1632,1011,1019,1028,1019.16176470588,4.44223736289012,6,2976,0,0.7,5.5,1.1434811827957,1.07239675571246,1.5,2976,0,1.8,14.7,2.80554435483871,2.45450424699901,3.5,2976,0,184,360,180.438172043011,98.2130741842687,83,2976,186.2,31,4295.9,24764.7,41758.8,24656.7225806452,10695.2736869364,17037.7
"5875","sostcmet",2021,4,0,NA,NA,NA,NA,NA,NA,0,NA,NA,NA,NA,NA,NA,0,NA,NA,NA,NA,NA,NA,2880,0,1.1,5.1,1.37461805555556,1.11141329874114,1.9,2880,0,2.4,11.5,3.12270833333333,2.44368278968222,3.9,2880,0,195,360,198.456944444444,119.449476241942,238,2880,37,24,18095.8,41978.45,47013.9,38373.0208333333,8448.70833081083,11843.525
"5876","sostcmet",2021,5,0,NA,NA,NA,NA,NA,NA,0,NA,NA,NA,NA,NA,NA,0,NA,NA,NA,NA,NA,NA,2328,0,1.8,4.6,1.71078178694158,1.04070142975752,1.8,2328,0,4.2,12.6,4.00343642611684,2.41065644739035,4.3,2328,0,199,360,198.014604810997,141.110960529425,311,2328,32.8,0,NA,NA,NA,NA,NA,NA
"5877","sostcmet",2021,6,0,NA,NA,NA,NA,NA,NA,0,NA,NA,NA,NA,NA,NA,0,NA,NA,NA,NA,NA,NA,2880,0,1.6,6.3,1.71378472222222,1.24050583338266,1.9,2880,0,3.6,13.9,3.87381944444444,2.63799198859472,4.2,2880,0,197,360,199.405208333333,124.212548680462,239,2880,71.4,0,NA,NA,NA,NA,NA,NA
"5878","sostcmet",2021,7,0,NA,NA,NA,NA,NA,NA,0,NA,NA,NA,NA,NA,NA,0,NA,NA,NA,NA,NA,NA,2796,0,2.1,4.6,2.00168097281831,0.923162895408468,1.4,2796,0,4.8,11.1,4.65661659513591,2.15681203099084,3.2,2796,0,322,360,188.6613018598,164.82121745077,344,2796,5.1,0,NA,NA,NA,NA,NA,NA
"5879","sostcmet",2021,8,0,NA,NA,NA,NA,NA,NA,0,NA,NA,NA,NA,NA,NA,0,NA,NA,NA,NA,NA,NA,2976,0,1.5,4.8,1.55547715053763,0.994845661345464,1.6,2976,0,3.4,11.7,3.60688844086022,2.2980977728915,3.6,2976,0,317,360,210.127352150538,148.312503066647,319,2976,3.3,0,NA,NA,NA,NA,NA,NA
"5880","sostcmet",2021,9,0,NA,NA,NA,NA,NA,NA,0,NA,NA,NA,NA,NA,NA,0,NA,NA,NA,NA,NA,NA,2880,0,1.3,5.2,1.45993055555556,1.06221144435658,1.725,2880,0,3,11.1,3.31482638888889,2.3391629999923,3.8,2880,0,192,360,194.753819444444,117.605158958612,229,2880,103.4,0,NA,NA,NA,NA,NA,NA
"5881","sostcmet",2021,10,0,NA,NA,NA,NA,NA,NA,0,NA,NA,NA,NA,NA,NA,0,NA,NA,NA,NA,NA,NA,1248,0,0.6,4.2,0.890384615384615,0.795387976516707,1,1248,0,1.4,8.7,2.10849358974359,1.80120470421508,2.2,1248,0,192,360,189.202724358974,99.0569474484272,81,2976,196.4,0,NA,NA,NA,NA,NA,NA
"5882","sostcmet",2021,11,0,NA,NA,NA,NA,NA,NA,0,NA,NA,NA,NA,NA,NA,0,NA,NA,NA,NA,NA,NA,0,NA,NA,NA,NA,NA,NA,0,NA,NA,NA,NA,NA,NA,0,NA,NA,NA,NA,NA,NA,768,127.3,0,NA,NA,NA,NA,NA,NA
"5883","sostcmet",2021,12,0,NA,NA,NA,NA,NA,NA,0,NA,NA,NA,NA,NA,NA,0,NA,NA,NA,NA,NA,NA,0,NA,NA,NA,NA,NA,NA,0,NA,NA,NA,NA,NA,NA,0,NA,NA,NA,NA,NA,NA,0,NA,0,NA,NA,NA,NA,NA,NA
"5884","sostcmet",2022,1,2976,-2.4,6.6,15.9,6.17832661290323,4.40895163005281,7.6,2976,58,100,100,96.6021505376344,6.95587403630395,3,2976,1001,1024,1037,1023.60114247312,6.26307187269568,6,2976,0,0.5,8.9,1.00981182795699,1.32082397183704,0.9,2976,0,1.2,19.8,2.41498655913978,2.95998930269827,1.9,2976,0,184,360,164.881048387097,72.7549447131357,75,2976,142.7,31,1516,10849.3,15005.7,10087.7870967742,3882.23167106601,6683.85
"5885","sostcmet",2022,2,2688,-4.6,6.45,18.7,6.1961681547619,4.46663396250086,5.8,2688,31,100,100,93.2068452380952,11.4514719216751,11,2688,1014,1027,1036,1027.12165178571,5.2036037105554,9,2688,0,0.7,6.3,1.08229166666667,1.0408366498381,1.3,2688,0,1.6,14.3,2.57630208333333,2.33018097425887,3.2,2688,0,185,360,177.155133928571,107.505224960483,131.25,2672,22,28,6208.9,17116.9,29432.9,16647.6214285714,5938.32243229468,7295.225
"5886","sostcmet",2022,3,2107,-1.1,9,17.6,8.80436639772188,3.26581911130703,3.6,2107,48,95,100,89.687707641196,11.3495047945969,16,2107,1005,1023,1036,1022.53298528714,6.55455799749445,7,2107,0,0.8,4.1,1.05287138111058,0.94053745120784,1.6,2107,0,1.9,10,2.5203607024205,2.02284865448426,3.4,2107,0,183,360,172.50118652112,114.160632125818,133.5,634,NA,23,3938.6,22795.5,40109.9,22473.4739130435,10114.3072886525,12641.5
"5887","sostcmet",2022,4,2880,-1.2,7.8,22.7,7.73503472222222,3.74856763180479,5.7,2880,41,92,100,85.390625,14.6895575388097,25,2880,1002,1022,1033,1020.23923611111,6.55174626050043,7,2880,0,0.8,5.4,1.22666666666667,1.13019008504905,1.7,2880,0,2.1,13.1,2.94649305555556,2.49162993281055,4,2880,0,190,360,189.223263888889,83.9425311635585,45,0,NA,30,10483.4,35864.7,49385,33120.6,10129.5051166859,17500.825
"5888","sostcmet",2022,5,2976,0.9,10.8,23,10.4602150537634,3.28695151157583,4,2976,45,91,100,86.7063172043011,11.4859844624269,18,2976,1006,1021,1028,1020.38172043011,5.24115471244626,8,2976,0,1.4,6.5,1.60433467741935,1.28851606168906,2,2976,0,3.4,15,3.73202284946237,2.78803917255713,4.4,2976,0,191,360,186.00436827957,110.680011089904,117.25,0,NA,31,11169.3,39858.1,59490.3,37491.0903225806,13679.1017963012,20769.2
"5889","sostcmet",2022,6,2880,5.5,13.5,25,13.3900694444444,2.92878279577929,4,2880,35,89,100,85.5142361111111,12.6096085848268,19,2880,1005,1018,1027,1018.23125,4.86704035315466,7,2880,0,1.5,5.4,1.56861111111111,1.1074164151367,1.8,2880,0,3.4,12.9,3.68427083333333,2.49168380407495,4,2880,0,193,360,185.806597222222,116.114936403292,150.25,0,NA,30,13917.4,43950.8,61133.8,42558.6066666667,13288.218710285,17793.9
"5890","sostcmet",2022,7,2976,8.8,14.7,20.6,14.8067204301075,2.43831499825637,3.4,2976,63,91,100,87.9119623655914,9.68069957434209,16,2976,1012,1018,1027,1018.19690860215,3.01160844035711,4,2976,0,1.5,4.6,1.53454301075269,0.985349654869343,1.6,2976,0,3.5,12,3.60961021505376,2.23977378418427,3.6,2976,0,190,360,177.277553763441,148.110078005926,329,0,NA,31,25161,45324.7,59664.6,44473.1032258065,11778.7225115031,21935.1
"5891","sostcmet",2022,8,2976,9.3,15.8,22.9,15.8539314516129,2.39841642448002,3.3,2976,51,92,100,88.4311155913979,10.6756910499364,17,2976,1013,1018,1023,1017.70094086022,2.14921031935859,3,2976,0,1.4,4.3,1.44882392473118,0.976878218283541,1.6,2976,0,3.1,10.2,3.33155241935484,2.13256363084533,3.3,2976,0,196,360,179.681451612903,131.851120543645,310.25,2082,0,31,17361,45203,52645.1,40890.9193548387,10538.8511845273,15013.5
"5892","sostcmet",2022,9,2880,5.9,14.1,26.9,14.49625,3.23953947537367,4.2,2880,28,95,100,89.7586805555556,11.9732723503935,15,2880,1000,1017,1024,1016.4,4.82090503855455,6,2880,0,1,5.2,1.21993055555556,1.02294889809357,1.6,2880,0,2.4,12.9,2.86923611111111,2.24114438212332,3.3,2880,0,189,360,181.142361111111,128.180127404603,279.25,2880,0,30,11671.7,31522.45,45127.5,29532.1666666667,10160.1480140024,17653.15
"5893","sostcmet",2022,10,2976,2.9,12,29.2,11.6911962365591,3.39404467772884,3.6,2976,37,99,100,94.4129704301075,9.82155850887867,6,2976,1009,1020,1028,1019.74059139785,4.13737774946012,4,2976,0,0.8,4,0.972278225806452,0.815419251576569,1.2,2976,0,1.8,11,2.30567876344086,1.77413859120588,2.7,2976,0,183,360,165.809475806452,119.368859828406,179,2976,0,31,7460.2,15672.7,33690.1,17362.8967741935,7354.51638942511,11951.9
"5894","sostcmet",2022,11,2880,-3.2,5.2,15,5.14892361111111,4.10579850149834,6.3,2880,55,100,100,97.0131944444445,6.16468160365476,3,2880,999,1023.5,1033,1020.88020833333,7.61334799470203,8,2880,0,0.4,5.7,0.727152777777778,0.918502007103828,0.7,2880,0,1.1,13.4,1.80177083333333,2.04155177418196,1.3,2880,0,184,360,162.978125,76.6303442751546,76,2880,64,30,2527.3,11924.25,15492.1,10837.7266666667,3956.32279016185,6011.225
"5895","sostcmet",2022,12,2976,-3,6.1,15.6,6.08135080645161,4.57033455810709,7,2976,72,100,100,97.7768817204301,4.14647159764044,3,2976,989,1019,1029,1016.55544354839,8.47566663924846,11,2976,0,0.4,6.9,0.865591397849462,1.16430620003586,0.9,2976,0,1.1,19.7,2.21774193548387,2.67802029136139,1.9,2976,0,181,360,157.871975806452,77.9454629913455,83,2976,244.4,31,1772.1,7176,12095.4,7033.1064516129,3380.80694213038,6453.05
