"","station","year","month","po4f","nh4f","no2f","no3f","no23f","chla_n","po4f_cens","nh4f_cens","no2f_cens","no3f_cens","no23f_cens","chla_n_cens"
"24088","sosbhnut",2003,3,0.0247666666666667,0.0349666666666667,0.0038,NA,0.1665,1.22,0,0,0,NA,0,0
"24089","sosbhnut",2003,4,0.0157333333333333,0.0302333333333333,0.0022,0.0629333333333333,0.0651333333333333,1.38,0,0,0,0,0,0
"24090","sosbhnut",2003,5,0.0153333333333333,0.0231333333333333,0.0017,0.0036,0.0053,3.92666666666667,0,0,0,0,0,0
"24091","sosbhnut",2003,6,NA,NA,NA,NA,NA,7.47,NA,NA,NA,NA,NA,0
"24092","sosbhnut",2003,7,NA,NA,NA,NA,NA,3.88333333333333,NA,NA,NA,NA,NA,0
"24093","sosbhnut",2003,8,NA,NA,NA,NA,NA,5.53,NA,NA,NA,NA,NA,0
"24094","sosbhnut",2003,9,NA,NA,NA,NA,NA,1.61,NA,NA,NA,NA,NA,0
"24095","sosbhnut",2003,10,0.0323,0.0411,0.0041,0.0621666666666667,0.0662666666666667,1.25666666666667,0,0,0,0,0,0
"24096","sosbhnut",2003,11,NA,NA,NA,NA,NA,1.09,NA,NA,NA,NA,NA,0
"24097","sosbhnut",2003,12,NA,NA,NA,NA,NA,0.833333333333333,NA,NA,NA,NA,NA,0
"24098","sosbhnut",2004,1,0.0252333333333333,0.0308666666666667,0.0065,NA,0.306233333333333,0.913333333333333,0,0,0,NA,0,0
"24099","sosbhnut",2004,2,0.0251,0.0247333333333333,0.00413333333333333,NA,0.2372,0.88,0,0,0,NA,0,0
"24100","sosbhnut",2004,3,0.03085,0.0211,0.00445,0.181,0.18545,2.4,0,0,0,0,0,0
"24101","sosbhnut",2004,4,NA,NA,NA,NA,NA,1.92333333333333,NA,NA,NA,NA,NA,0
"24102","sosbhnut",2004,5,NA,NA,NA,NA,NA,4.69,NA,NA,NA,NA,NA,0
"24103","sosbhnut",2004,6,NA,NA,NA,NA,NA,3.98333333333333,NA,NA,NA,NA,NA,0
"24104","sosbhnut",2004,7,NA,NA,NA,NA,NA,12.2433333333333,NA,NA,NA,NA,NA,0
"24105","sosbhnut",2004,8,NA,NA,NA,NA,NA,2.565,NA,NA,NA,NA,NA,0
"24106","sosbhnut",2004,9,NA,NA,NA,NA,NA,2.745,NA,NA,NA,NA,NA,0
"24107","sosbhnut",2004,10,NA,NA,NA,NA,NA,1.55333333333333,NA,NA,NA,NA,NA,0
"24108","sosbhnut",2004,11,NA,NA,NA,NA,NA,1.95833333333333,NA,NA,NA,NA,NA,0
"24109","sosbhnut",2004,12,NA,NA,NA,NA,NA,1.02166666666667,NA,NA,NA,NA,NA,0
"24110","sosbhnut",2005,1,NA,NA,NA,NA,NA,1.04333333333333,NA,NA,NA,NA,NA,0
"24111","sosbhnut",2005,2,0.0299666666666667,0.0207333333333333,0.0049,NA,0.148966666666667,1.31333333333333,0,0,0,NA,0,0
"24112","sosbhnut",2005,3,NA,NA,NA,0.105533333333333,NA,1.90666666666667,NA,NA,NA,0,NA,0
"24113","sosbhnut",2005,4,NA,NA,NA,0.1715,NA,1.59333333333333,NA,NA,NA,0,NA,0
"24114","sosbhnut",2005,5,0.0142333333333333,0.0212666666666667,0.0027,0.115833333333333,0.118533333333333,3.68,0,0,0,0,0,0
"24115","sosbhnut",2005,6,NA,NA,NA,NA,NA,1.63,NA,NA,NA,NA,NA,0
"24116","sosbhnut",2005,7,0.0418333333333333,0.0140333333333333,0.00323333333333333,0.176966666666667,0.1802,6.22,0,0,0,0,0,0
"24117","sosbhnut",2005,8,NA,NA,NA,NA,NA,5.65333333333333,NA,NA,NA,NA,NA,0
"24118","sosbhnut",2005,9,0.0431666666666667,0.0461,0.0045,0.137166666666667,0.141666666666667,5.85333333333333,0,0,0,0,0,0
"24119","sosbhnut",2005,10,0.0436333333333333,0.0477,0.006,NA,0.1749,4.05,0,0,0,NA,0,0
"24120","sosbhnut",2005,11,0.0387666666666667,0.0097,0.0082,NA,0.388466666666667,1.07333333333333,0,0,0,NA,0,0
"24121","sosbhnut",2005,12,0.0354333333333333,0.0296666666666667,0.00573333333333333,0.345033333333333,0.350766666666667,0.75,0,0,0,0,0,0
"24122","sosbhnut",2006,1,0.0174,0.0470333333333333,0.0031,NA,0.462233333333333,0.333333333333333,0,0,0,NA,0,0
"24123","sosbhnut",2006,2,NA,NA,NA,NA,NA,0.66,NA,NA,NA,NA,NA,0
"24124","sosbhnut",2006,3,NA,NA,NA,NA,NA,1.615,NA,NA,NA,NA,NA,0
"24125","sosbhnut",2006,4,0.0155,0.0191333333333333,0.0019,NA,0.1325,2.07333333333333,0,0,0,NA,0,0
"24126","sosbhnut",2006,5,NA,NA,NA,NA,NA,13.59,NA,NA,NA,NA,NA,0
"24127","sosbhnut",2006,6,NA,NA,NA,NA,NA,3.11666666666667,NA,NA,NA,NA,NA,0
"24128","sosbhnut",2006,7,NA,NA,NA,NA,NA,2.39,NA,NA,NA,NA,NA,0
"24129","sosbhnut",2006,8,NA,NA,NA,NA,NA,6.12333333333333,NA,NA,NA,NA,NA,0
"24130","sosbhnut",2006,9,NA,NA,NA,NA,NA,3.80333333333333,NA,NA,NA,NA,NA,0
"24131","sosbhnut",2006,10,NA,NA,NA,NA,NA,1.91333333333333,NA,NA,NA,NA,NA,0
"24132","sosbhnut",2006,11,0.0320666666666667,0.0857,0.00616666666666667,NA,0.461266666666667,1.29333333333333,0,0,0,NA,0,0
"24133","sosbhnut",2006,12,NA,NA,NA,NA,NA,1.53,NA,NA,NA,NA,NA,0
"24134","sosbhnut",2007,1,0.0326,0.0203333333333333,0.00311666666666667,0.1057,0.108816666666667,0.841666666666667,0,0,0,0,0,0
"24135","sosbhnut",2007,2,0.0248833333333333,0.0206166666666667,0.00318333333333333,0.118783333333333,0.121966666666667,2.80833333333333,0,0,0,0,0,0
"24136","sosbhnut",2007,3,0.02205,0.0185833333333333,0.00258333333333333,0.0878833333333333,0.0904666666666667,8.11,0,0,0,0,0,0
"24137","sosbhnut",2007,4,0.01585,0.0312333333333333,0.00158333333333333,0.0485333333333333,0.0501166666666667,5.56333333333333,0,0,0,0,0,0
"24138","sosbhnut",2007,5,0.0244833333333333,0.03345,0.00253333333333333,0.10685,0.109383333333333,4.78166666666667,0,0,0,0,0,0
"24139","sosbhnut",2007,6,0.0638833333333333,0.00966666666666667,0.00521666666666667,0.316733333333333,0.32195,NA,0,1,0,0,0,NA
"24140","sosbhnut",2007,7,0.0209666666666667,0.00708333333333333,0.00381666666666667,0.0553833333333333,0.0592,9.56833333333333,0,0,0,0,0,0
"24141","sosbhnut",2007,8,0.0609166666666667,0.0271833333333333,0.00956666666666667,0.259483333333333,0.26905,3.66166666666667,0,0,0,0,0,0
"24142","sosbhnut",2007,9,0.0593166666666667,0.0506333333333333,0.00728333333333333,0.251816666666667,0.2591,2.18333333333333,0,0,0,0,0,0
"24143","sosbhnut",2007,10,0.0478833333333333,0.0225166666666667,0.00575,0.23785,0.2436,0.19,0,0,0,0,0,0
"24144","sosbhnut",2007,11,0.05,0.0173166666666667,0.00613333333333333,0.25995,0.266083333333333,0.143333333333333,0,0,0,0,0,0
"24145","sosbhnut",2007,12,0.0362666666666667,0.02005,0.00513333333333333,0.286783333333333,0.291916666666667,0.73,0,1,0,0,0,0
"24146","sosbhnut",2008,1,0.0431666666666667,0.0253333333333333,0.005,0.269333333333333,0.274333333333333,0.353333333333333,0,0,0,0,0,0
"24147","sosbhnut",2008,2,0.0461666666666667,0.0153333333333333,0.0035,0.281833333333333,0.285,0.376666666666667,0,0,0,0,0,0
"24148","sosbhnut",2008,3,0.032,0.0158333333333333,0.00383333333333333,0.177833333333333,0.181833333333333,2.015,0,0,0,0,0,0
"24149","sosbhnut",2008,4,0.02375,0.0135,0.0025,0.0975,0.09975,12.615,0,0,0,0,0,1
"24150","sosbhnut",2008,5,0.0108333333333333,0.0045,0.001,0.00416666666666667,0.00533333333333333,12.6533333333333,0,0,0,0,0,0
"24151","sosbhnut",2008,6,0.0496666666666667,0.0121666666666667,0.00666666666666667,0.204333333333333,0.211333333333333,14.275,0,0,0,0,0,0
"24152","sosbhnut",2008,7,0.0551666666666667,0.022,0.00683333333333333,0.202333333333333,0.209,30.7916666666667,0,0,0,0,0,0
"24153","sosbhnut",2008,8,0.042,0.0451666666666667,0.0045,0.120166666666667,0.125,5.56833333333333,0,0,0,0,0,0
"24154","sosbhnut",2008,9,0.0476666666666667,0.0281666666666667,0.00483333333333333,0.189333333333333,0.193666666666667,3.86666666666667,0,0,0,0,0,0
"24155","sosbhnut",2008,10,0.0616,0.0536666666666667,0.00583333333333333,0.319833333333333,0.325666666666667,1.515,0,0,0,0,0,0
"24156","sosbhnut",2008,11,0.0323333333333333,0.0511666666666667,0.00616666666666667,0.130333333333333,0.1365,1.56166666666667,0,0,0,0,0,0
"24157","sosbhnut",2008,12,0.0376666666666667,0.0316666666666667,0.00633333333333333,0.172333333333333,0.1785,2.08666666666667,0,0,0,0,0,0
"24158","sosbhnut",2009,1,0.0451666666666667,0.0146833333333333,0.00383333333333333,0.288333333333333,0.292166666666667,0.545,0,1,0,0,0,0
"24159","sosbhnut",2009,2,0.04,0.0055,0.00366666666666667,0.236333333333333,0.24,0.733333333333333,0,0,0,0,0,0
"24160","sosbhnut",2009,3,0.028,0.0206666666666667,0.00333333333333333,0.172333333333333,0.175666666666667,1.608,0,0,0,0,0,0
"24161","sosbhnut",2009,4,0.0458333333333333,0.009,0.004,0.245166666666667,0.249166666666667,4.995,0,0,0,0,0,0
"24162","sosbhnut",2009,5,0.0528333333333333,0.0306166666666667,0.00416666666666667,0.270166666666667,0.274333333333333,1.975,0,1,0,0,0,0
"24163","sosbhnut",2009,6,0.0406666666666667,0.035,0.0035,0.128333333333333,0.131833333333333,3.12,0,0,0,0,0,0
"24164","sosbhnut",2009,7,0.0276666666666667,0.0243333333333333,0.00283333333333333,0.0706666666666667,0.0735,3.54166666666667,0,0,0,0,0,0
"24165","sosbhnut",2009,8,0.0243333333333333,0.0511666666666667,0.00216666666666667,0.0268333333333333,0.029,2.115,0,0,0,0,0,1
"24166","sosbhnut",2009,9,0.0596666666666667,0.0278333333333333,0.006,0.277,0.283,3.31166666666667,0,0,0,0,0,0
"24167","sosbhnut",2009,10,0.038,0.042,0.0045,0.1075,0.112,1.41,0,0,0,0,0,0
"24168","sosbhnut",2009,12,0.0295,0.0395,0.00533333333333333,0.1635,0.168833333333333,0.545,0,0,0,0,0,0
"24169","sosbhnut",2010,1,NA,NA,NA,NA,NA,NA,NA,NA,NA,NA,NA,NA
"24170","sosbhnut",2010,2,NA,NA,NA,NA,NA,NA,NA,NA,NA,NA,NA,NA
"24171","sosbhnut",2010,4,0.0135,0.00459166666666667,0.00183333333333333,0.145916666666667,0.14775,NA,0,1,0,0,0,NA
"24172","sosbhnut",2010,5,NA,NA,NA,NA,NA,NA,NA,NA,NA,NA,NA,NA
"24173","sosbhnut",2010,6,NA,NA,NA,NA,NA,NA,NA,NA,NA,NA,NA,NA
"24174","sosbhnut",2010,7,NA,NA,NA,NA,NA,NA,NA,NA,NA,NA,NA,NA
"24175","sosbhnut",2010,8,NA,NA,NA,NA,NA,NA,NA,NA,NA,NA,NA,NA
"24176","sosbhnut",2010,10,0.0585,0.00216666666666667,0.0065,0.332,0.3385,NA,0,0,0,0,0,NA
"24177","sosbhnut",2010,11,NA,NA,NA,NA,NA,NA,NA,NA,NA,NA,NA,NA
"24178","sosbhnut",2010,12,NA,NA,NA,NA,NA,0.658333333333333,NA,NA,NA,NA,NA,0
"24179","sosbhnut",2011,2,0.0195166666666667,0.00148333333333333,0.00305,0.0903,NA,1.11333333333333,0,1,0,0,NA,0
"24180","sosbhnut",2011,3,0.0184833333333333,0.007575,0.00203333333333333,0.165283333333333,NA,0.814545454545455,0,1,1,0,NA,0
"24181","sosbhnut",2011,4,0.0173666666666667,0.0039,0.00315,0.0707833333333333,NA,8.58833333333333,0,0,0,0,NA,0
"24182","sosbhnut",2011,5,0.00891666666666667,0.0286166666666667,0.0012,0.0149833333333333,NA,1.53,0,0,0,0,NA,0
"24183","sosbhnut",2011,6,0.0158166666666667,0.0100666666666667,0.0025,0.0445833333333333,NA,12.0716666666667,0,0,0,0,NA,0
"24184","sosbhnut",2011,7,0.01195,0.0018,0.00125,0.0032,NA,4.57166666666667,0,1,0,0,NA,0
"24185","sosbhnut",2011,8,0.0382166666666667,0.0118166666666667,0.00588333333333333,0.175833333333333,NA,4.48333333333333,0,1,0,0,NA,0
"24186","sosbhnut",2011,9,0.0148333333333333,0.0308,0.00165,0.0147833333333333,NA,3.43666666666667,0,0,0,0,NA,0
"24187","sosbhnut",2011,11,0.0402166666666667,0.0310916666666667,0.004575,0.2009,NA,1.645,0,0,0,0,NA,0
"24188","sosbhnut",2011,12,0.0507,0.0066,0.00471666666666667,0.3019,NA,1.00833333333333,0,1,0,0,NA,0
"24189","sosbhnut",2012,1,0.0236666666666667,0.0430666666666667,0.003,0.379333333333333,0.382666666666667,0.323333333333333,0,0,0,0,0,0
"24190","sosbhnut",2012,2,0.018,0.0347666666666667,0.003,0.307666666666667,0.310666666666667,0.446666666666667,0,0,0,0,0,0
"24191","sosbhnut",2012,3,0.0266666666666667,0.0036,0.003,0.167333333333333,0.170333333333333,0.636666666666667,0,1,0,0,0,0
"24192","sosbhnut",2012,4,0.0176666666666667,0.0157333333333333,0.003,0.107,0.110333333333333,1.01,0,0,0,0,0,0
"24193","sosbhnut",2012,5,0.00966666666666667,0.00903333333333333,0.001,0.00766666666666667,0.008,4.23,0,0,0,0,0,0
"24194","sosbhnut",2012,6,0.00533333333333333,0.00223333333333333,0,0.004,0.004,5.82666666666667,0,0,1,1,1,0
"24195","sosbhnut",2012,7,0.0293333333333333,0.0097,0.003,0.0893333333333333,0.0923333333333333,5.62333333333333,0,0,0,0,0,0
"24196","sosbhnut",2012,8,0.0463333333333333,0.0701333333333333,0.005,0.210666666666667,0.216,3.43333333333333,0,0,0,0,0,0
"24197","sosbhnut",2012,9,0.056,0.0200333333333333,0.007,0.283,0.290333333333333,3.87333333333333,0,0,0,0,0,0
"24198","sosbhnut",2012,10,0.0363333333333333,0.0517666666666667,0.005,0.099,0.104,0.88,0,0,0,0,0,0
"24199","sosbhnut",2012,11,0.0226666666666667,0.0401666666666667,0.004,0.227333333333333,0.231333333333333,0.593333333333333,0,0,0,0,0,0
"24200","sosbhnut",2012,12,0.0253333333333333,0.0402,0.004,0.145666666666667,0.149666666666667,0.85,0,0,0,0,0,0
"24201","sosbhnut",2013,1,0.0301666666666667,0.01325,0.00331666666666667,0.13425,0.137616666666667,1.95833333333333,0,0,0,0,0,0
"24202","sosbhnut",2013,2,0.0261666666666667,0.01325,0.0025,0.1256,0.1281,1.705,0,0,0,0,0,0
"24203","sosbhnut",2013,3,0.02695,0.00871666666666667,0.00285,0.0719666666666667,0.0748,1.555,0,0,0,0,0,0
"24204","sosbhnut",2013,4,0.0329833333333333,0.00585,0.0038,0.122533333333333,0.126316666666667,NA,0,0,0,0,0,NA
"24205","sosbhnut",2013,5,0.01955,0.0269666666666667,0.00275,0.04115,0.0439166666666667,5.17666666666667,0,0,0,0,0,0
"24206","sosbhnut",2013,6,0.0175333333333333,0.0296833333333333,0.00183333333333333,0.0093,0.0112,4.16333333333333,0,0,0,0,0,0
"24207","sosbhnut",2013,7,0.0499666666666667,0.03695,0.0065,0.238116666666667,0.244633333333333,10.96,0,0,0,0,0,0
"24208","sosbhnut",2013,8,0.0544666666666667,0.0568666666666667,0.0098,0.23865,0.248466666666667,3.34833333333333,0,0,0,0,0,0
"24209","sosbhnut",2013,9,0.0456333333333333,0.0385333333333333,0.0074,0.217116666666667,0.2245,1.55,0,0,0,0,0,0
"24210","sosbhnut",2013,10,0.0493833333333333,0.0279,0.00521666666666667,0.268683333333333,0.273883333333333,4.432,0,0,0,0,0,0
"24211","sosbhnut",2013,11,0.0329166666666667,0.0320166666666667,0.00456666666666667,0.117866666666667,0.122433333333333,1.68166666666667,0,0,0,0,0,0
"24212","sosbhnut",2013,12,0.04965,0.0164333333333333,0.00523333333333333,0.27085,0.276083333333333,1.25666666666667,0,0,0,0,0,0
"24213","sosbhnut",2014,1,NA,NA,NA,NA,NA,NA,NA,NA,NA,NA,NA,NA
"24214","sosbhnut",2014,2,NA,NA,NA,NA,NA,NA,NA,NA,NA,NA,NA,NA
"24215","sosbhnut",2014,3,NA,NA,NA,NA,NA,NA,NA,NA,NA,NA,NA,NA
"24216","sosbhnut",2014,4,NA,NA,NA,NA,NA,NA,NA,NA,NA,NA,NA,NA
"24217","sosbhnut",2014,5,NA,NA,NA,NA,NA,NA,NA,NA,NA,NA,NA,NA
"24218","sosbhnut",2014,6,NA,NA,NA,NA,NA,NA,NA,NA,NA,NA,NA,NA
"24219","sosbhnut",2014,7,NA,NA,NA,NA,NA,NA,NA,NA,NA,NA,NA,NA
"24220","sosbhnut",2014,8,NA,NA,NA,NA,NA,NA,NA,NA,NA,NA,NA,NA
"24221","sosbhnut",2014,10,NA,NA,NA,NA,NA,NA,NA,NA,NA,NA,NA,NA
"24222","sosbhnut",2014,11,NA,NA,NA,NA,NA,NA,NA,NA,NA,NA,NA,NA
"24223","sosbhnut",2014,12,NA,NA,NA,NA,NA,NA,NA,NA,NA,NA,NA,NA
"24224","sosbhnut",2015,1,NA,NA,NA,NA,NA,0.763333333333333,NA,NA,NA,NA,NA,0
"24225","sosbhnut",2015,2,NA,NA,NA,NA,NA,1.41166666666667,NA,NA,NA,NA,NA,0
"24226","sosbhnut",2015,3,NA,NA,NA,NA,NA,NA,NA,NA,NA,NA,NA,NA
"24227","sosbhnut",2015,4,NA,NA,NA,NA,NA,NA,NA,NA,NA,NA,NA,NA
"24228","sosbhnut",2015,5,NA,NA,NA,NA,NA,NA,NA,NA,NA,NA,NA,NA
"24229","sosbhnut",2015,6,NA,NA,NA,NA,NA,NA,NA,NA,NA,NA,NA,NA
"24230","sosbhnut",2015,7,NA,NA,NA,NA,NA,3.63833333333333,NA,NA,NA,NA,NA,0
"24231","sosbhnut",2015,8,NA,NA,NA,NA,NA,NA,NA,NA,NA,NA,NA,NA
"24232","sosbhnut",2015,9,NA,NA,NA,NA,NA,NA,NA,NA,NA,NA,NA,NA
"24233","sosbhnut",2015,10,NA,NA,NA,NA,NA,2.25166666666667,NA,NA,NA,NA,NA,0
"24234","sosbhnut",2015,11,NA,NA,NA,NA,NA,NA,NA,NA,NA,NA,NA,NA
"24235","sosbhnut",2015,12,NA,NA,NA,NA,NA,NA,NA,NA,NA,NA,NA,NA
"24236","sosbhnut",2016,1,NA,NA,NA,NA,NA,NA,NA,NA,NA,NA,NA,NA
"24237","sosbhnut",2016,2,0.0185666666666667,0.0135833333333333,0.00315,0.0878166666666667,0.0909666666666667,NA,0,0,0,0,0,NA
"24238","sosbhnut",2016,3,0.01455,0.018,0.00248333333333333,0.0809166666666667,0.0834,NA,0,0,0,0,0,NA
"24239","sosbhnut",2016,4,0.0114666666666667,0.00741666666666667,0.000933333333333333,0.0143333333333333,0.0152666666666667,2.98166666666667,0,1,0,1,1,0
"24240","sosbhnut",2016,5,0.0245,0.00943333333333333,0.00231666666666667,0.09665,0.0989666666666667,7.88833333333333,0,0,0,0,0,0
"24241","sosbhnut",2016,6,0.0312333333333333,0.0401,0.004,0.0994833333333333,0.103483333333333,10.81,0,0,0,0,0,0
"24242","sosbhnut",2016,7,0.03015,0.032,0.00335,0.0811166666666667,0.0844666666666667,11.1333333333333,0,0,0,0,0,0
"24243","sosbhnut",2016,8,0.0390833333333333,0.0075,0.00511666666666667,0.176966666666667,0.182083333333333,30.6266666666667,0,0,0,0,0,0
"24244","sosbhnut",2016,9,NA,NA,NA,NA,NA,11.34,NA,NA,NA,NA,NA,0
"24245","sosbhnut",2016,10,0.0338666666666667,0.0543,0.00563333333333333,0.1619,0.167533333333333,2.19666666666667,0,0,0,0,0,0
"24246","sosbhnut",2016,11,0.0174666666666667,0.0247333333333333,0.0036,0.260266666666667,0.263866666666667,1.33666666666667,0,0,0,0,0,0
"24247","sosbhnut",2016,12,0.0266,0.0144,0.00661666666666667,0.136233333333333,0.14285,1.30666666666667,0,0,0,0,0,0
"24248","sosbhnut",2017,1,0.0241333333333333,0.0196,0.00528333333333333,0.182216666666667,0.1875,0.911666666666667,0,0,0,0,0,0
"24249","sosbhnut",2017,2,0.0227333333333333,0.03214,0.0049,0.21035,0.21525,0.783333333333333,0,0,0,0,0,0
"24250","sosbhnut",2017,3,0.01555,0.01655,0.00158333333333333,0.114166666666667,0.11575,3.264,0,0,0,0,0,0
"24251","sosbhnut",2017,4,0.0178833333333333,0.0207333333333333,0.00258333333333333,0.0585333333333333,0.0611166666666667,2.415,0,0,0,0,0,0
"24252","sosbhnut",2017,5,0.0251,0.01415,0.00293333333333333,0.0987833333333333,0.101716666666667,18.2916666666667,0,0,0,0,0,0
"24253","sosbhnut",2017,6,0.0175333333333333,0.0107833333333333,0.0017,0.0271166666666667,0.0289166666666667,3.42166666666667,0,0,0,0,0,0
"24254","sosbhnut",2017,7,0.0391,0.0142166666666667,0.00543333333333333,0.210716666666667,0.21615,40.475,0,0,0,0,0,0
"24255","sosbhnut",2017,8,NA,NA,NA,NA,NA,4.59,NA,NA,NA,NA,NA,0
"24256","sosbhnut",2017,9,0.0350166666666667,0.0516,0.00675,0.105666666666667,0.112416666666667,5.97666666666667,0,0,0,0,0,0
"24257","sosbhnut",2017,10,NA,NA,NA,NA,NA,1.70333333333333,NA,NA,NA,NA,NA,0
"24258","sosbhnut",2017,11,0.0326666666666667,0.03055,0.00553333333333333,0.16335,0.168883333333333,2.005,0,0,0,0,0,0
"24259","sosbhnut",2017,12,NA,NA,NA,NA,NA,1.155,NA,NA,NA,NA,NA,0
"24260","sosbhnut",2018,1,0.0198666666666667,0.02364,0.00303333333333333,0.0767166666666667,0.07975,1.68,0,0,0,0,0,0
"24261","sosbhnut",2018,2,0.0271,0.015425,0.00611666666666667,0.13185,0.137966666666667,1.33333333333333,0,0,0,0,0,0
"24262","sosbhnut",2018,3,0.0143833333333333,0.01845,0.00203333333333333,0.08725,0.0892833333333333,1.592,0,0,0,0,0,0
"24263","sosbhnut",2018,4,0.0366666666666667,0.0142,0.00311666666666667,0.227316666666667,0.230433333333333,1.7,0,0,0,0,0,0
"24264","sosbhnut",2018,5,0.0363,0.0093,0.00315,0.185,0.18815,8.71166666666667,0,1,0,0,0,0
"24265","sosbhnut",2018,6,0.0348666666666667,0.0157,0.00376,0.14764,0.1514,7.34,0,0,0,0,0,0
"24266","sosbhnut",2018,7,0.0640166666666667,0.0185,0.0069,0.324666666666667,0.331566666666667,3.80166666666667,0,0,0,0,0,0
"24267","sosbhnut",2018,8,0.053,0.02482,0.00476666666666667,0.24455,0.249316666666667,NA,0,0,0,0,0,NA
"24268","sosbhnut",2018,9,NA,NA,NA,NA,NA,6.20333333333333,NA,NA,NA,NA,NA,0
"24269","sosbhnut",2018,10,NA,NA,NA,NA,NA,2.33,NA,NA,NA,NA,NA,0
"24270","sosbhnut",2018,11,0.0517833333333333,0.0134,0.00512,0.280033333333333,0.285366666666667,NA,0,0,0,0,0,NA
"24271","sosbhnut",2018,12,NA,NA,NA,NA,NA,1.05166666666667,NA,NA,NA,NA,NA,0
"24272","sosbhnut",2019,1,0.0251166666666667,0.0163166666666667,0.00818333333333333,0.124166666666667,0.13235,NA,0,0,0,0,0,NA
"24273","sosbhnut",2019,2,0.0212333333333333,0.0114666666666667,0.00395,0.1456,0.1496,NA,0,1,0,0,0,NA
"24274","sosbhnut",2019,3,0.0161166666666667,0.007,0.0023,0.05285,0.0551666666666667,NA,0,1,0,0,0,NA
"24275","sosbhnut",2019,4,NA,NA,NA,NA,NA,NA,NA,NA,NA,NA,NA,NA
"24276","sosbhnut",2019,5,0.0291166666666667,0.0481166666666667,0.00356666666666667,0.103383333333333,0.10695,NA,0,0,0,0,0,NA
"24277","sosbhnut",2019,6,0.0189166666666667,0.00965,0.00285,0.0435,0.0463166666666667,NA,0,1,0,0,0,NA
"24278","sosbhnut",2019,7,0.0490333333333333,0.0211333333333333,0.00416666666666667,0.235066666666667,0.239233333333333,NA,0,0,0,0,0,NA
"24279","sosbhnut",2019,8,0.0334833333333333,0.0197333333333333,0.00403333333333333,0.1075,0.111516666666667,NA,0,0,0,0,0,NA
"24280","sosbhnut",2019,9,NA,NA,NA,NA,NA,NA,NA,NA,NA,NA,NA,NA
"24281","sosbhnut",2019,10,NA,NA,NA,NA,NA,NA,NA,NA,NA,NA,NA,NA
"24282","sosbhnut",2019,11,NA,NA,NA,NA,NA,1.52666666666667,NA,NA,NA,NA,NA,0
"24283","sosbhnut",2019,12,NA,NA,NA,NA,NA,1.065,NA,NA,NA,NA,NA,0
"24284","sosbhnut",2020,1,NA,NA,NA,NA,NA,1.19166666666667,NA,NA,NA,NA,NA,0
"24285","sosbhnut",2020,2,0.0266,0.00771666666666667,0.00248333333333333,0.126833333333333,0.129333333333333,4.94666666666667,0,0,0,0,0,0
"24286","sosbhnut",2020,3,NA,NA,NA,NA,NA,NA,NA,NA,NA,NA,NA,NA
"24287","sosbhnut",2020,4,NA,NA,NA,NA,NA,11.305,NA,NA,NA,NA,NA,0
"24288","sosbhnut",2020,5,0.01456,0.017,0.0021,0.0348833333333333,0.0358166666666667,NA,0,0,1,1,1,NA
"24289","sosbhnut",2020,6,0.0245833333333333,0.0093,0.00558333333333333,0.0906333333333333,0.0962166666666667,NA,0,0,0,0,0,NA
"24290","sosbhnut",2020,7,0.05355,0.01445,0.00563333333333333,0.26745,0.273066666666667,NA,0,0,0,0,0,NA
"24291","sosbhnut",2020,8,0.0497166666666667,0.0366166666666667,0.00515,0.239083333333333,0.244283333333333,7.865,0,0,0,0,0,0
"24292","sosbhnut",2020,9,NA,NA,NA,NA,NA,4.88166666666667,NA,NA,NA,NA,NA,0
"24293","sosbhnut",2020,10,0.04095,0.0259166666666667,0.00431666666666667,0.188283333333333,0.1926,1.57333333333333,0,0,0,0,0,0
"24294","sosbhnut",2020,11,NA,NA,NA,NA,NA,NA,NA,NA,NA,NA,NA,NA
"24295","sosbhnut",2020,12,NA,NA,NA,NA,NA,NA,NA,NA,NA,NA,NA,NA
"24296","sosbhnut",2021,1,0.0330666666666667,0.0163666666666667,0.00675,0.17635,0.1831,NA,0,0,0,0,0,NA
"24297","sosbhnut",2021,2,0.0284833333333333,0.0224166666666667,0.00285,0.19665,0.1995,1.17833333333333,0,0,0,0,0,0
"24298","sosbhnut",2021,3,0.02255,0.0104666666666667,0.00251666666666667,0.10532,0.110383333333333,4.08,0,0,1,0,0,0
"24299","sosbhnut",2021,4,NA,NA,NA,NA,NA,9.63666666666667,NA,NA,NA,NA,NA,0
"24300","sosbhnut",2021,5,0.0178333333333333,0.01,0.00248333333333333,0.03775,0.0402333333333333,22.93,0,0,0,0,0,0
"24301","sosbhnut",2021,6,NA,NA,NA,NA,NA,3.035,NA,NA,NA,NA,NA,0
"24302","sosbhnut",2021,7,0.0404833333333333,0.00996,0.0064,0.186866666666667,0.193266666666667,4.51,0,0,0,0,0,0
"24303","sosbhnut",2021,8,NA,NA,NA,NA,NA,3.46833333333333,NA,NA,NA,NA,NA,0
"24304","sosbhnut",2021,9,NA,NA,NA,NA,NA,13.5166666666667,NA,NA,NA,NA,NA,0
"24305","sosbhnut",2021,10,0.0287333333333333,0.0342666666666667,0.00403333333333333,0.0834833333333333,0.0875166666666667,3.15333333333333,0,0,0,0,0,0
"24306","sosbhnut",2021,11,NA,NA,NA,NA,NA,NA,NA,NA,NA,NA,NA,NA
"24307","sosbhnut",2021,12,NA,NA,NA,NA,NA,1.42333333333333,NA,NA,NA,NA,NA,0
"24308","sosbhnut",2022,1,0.0361833333333333,0.0140666666666667,0.00515,0.189516666666667,0.194666666666667,1.235,0,0,0,0,0,0
"24309","sosbhnut",2022,3,0.020175,0.016775,0.00234166666666667,0.0725416666666667,0.0748833333333333,5.43166666666667,0,0,0,0,0,0
"24310","sosbhnut",2022,4,0.0149666666666667,0.0231,0.0012,0.0199166666666667,0.0211166666666667,NA,0,0,0,0,0,NA
"24311","sosbhnut",2022,5,NA,NA,NA,NA,NA,2.26333333333333,NA,NA,NA,NA,NA,0
"24312","sosbhnut",2022,6,0.0162833333333333,0.0125833333333333,0.00218,0.0429833333333333,0.04535,5.245,0,0,0,0,0,0
"24313","sosbhnut",2022,7,NA,NA,NA,NA,NA,17.4583333333333,NA,NA,NA,NA,NA,0
"24314","sosbhnut",2022,8,NA,NA,NA,NA,NA,3.6725,NA,NA,NA,NA,NA,0
"24315","sosbhnut",2022,9,0.034,0.0215,0.00493333333333333,0.11525,0.120183333333333,3.49166666666667,0,0,0,0,0,0
"24316","sosbhnut",2022,10,NA,NA,NA,NA,NA,9.482,NA,NA,NA,NA,NA,0
"24317","sosbhnut",2022,11,NA,NA,NA,NA,NA,NA,NA,NA,NA,NA,NA,NA
"24318","sosbhnut",2022,12,0.02945,0.0131833333333333,0.00436666666666667,0.112166666666667,0.116533333333333,1.37833333333333,0,0,0,0,0,0
"24319","soschnut",2002,6,0.0436666666666667,0.0402333333333333,0.00246666666666667,0.0323333333333333,0.0348,3.2,0,0,0,0,0,0
"24320","soschnut",2002,7,0.0101,0.0561666666666667,0.00263333333333333,0.104133333333333,0.106766666666667,2.59333333333333,0,0,0,0,0,0
"24321","soschnut",2002,8,NA,NA,NA,NA,NA,3.56666666666667,NA,NA,NA,NA,NA,0
"24322","soschnut",2002,9,0.0622,0.0873333333333333,0.0063,0.0132666666666667,0.0195666666666667,3.00666666666667,0,0,0,0,0,0
"24323","soschnut",2002,10,0.0618333333333333,0.0832666666666667,0.00736666666666667,0.197466666666667,0.204833333333333,1.89,0,0,0,0,0,0
"24324","soschnut",2002,11,0.0439,0.217333333333333,0.0108333333333333,NA,0.106466666666667,2.15,0,0,0,NA,0,0
"24325","soschnut",2003,1,0.0260666666666667,0.109466666666667,0.0085,NA,0.298766666666667,1.3,0,0,0,NA,0,0
"24326","soschnut",2003,2,0.0298333333333333,0.0484,0.004,NA,0.154566666666667,1.62666666666667,0,0,0,NA,0,0
"24327","soschnut",2003,3,0.0252666666666667,0.0518666666666667,0.0038,NA,0.140866666666667,1.4,0,0,0,NA,0,0
"24328","soschnut",2003,4,0.0158333333333333,0.0302,0.00193333333333333,0.0425333333333333,0.0444666666666667,2.96333333333333,0,0,0,0,0,0
"24329","soschnut",2003,5,0.02645,0.03625,0.0015,0.0029,0.0044,4.26,0,0,0,0,0,0
"24330","soschnut",2003,6,NA,NA,NA,NA,NA,2.11333333333333,NA,NA,NA,NA,NA,0
"24331","soschnut",2003,7,NA,NA,NA,NA,NA,1.88333333333333,NA,NA,NA,NA,NA,0
"24332","soschnut",2003,8,NA,NA,NA,NA,NA,2.825,NA,NA,NA,NA,NA,0
"24333","soschnut",2003,9,NA,NA,NA,NA,NA,1.3,NA,NA,NA,NA,NA,0
"24334","soschnut",2003,10,0.0445333333333333,0.0837,0.0068,0.0617666666666667,0.0685666666666667,1.82666666666667,0,0,0,0,0,0
"24335","soschnut",2003,11,NA,NA,NA,NA,NA,1.53666666666667,NA,NA,NA,NA,NA,0
"24336","soschnut",2003,12,NA,NA,NA,NA,NA,1.67666666666667,NA,NA,NA,NA,NA,0
"24337","soschnut",2004,1,0.0258333333333333,0.0497666666666667,0.007,NA,0.260066666666667,1.00666666666667,0,0,0,NA,0,0
"24338","soschnut",2004,2,0.0225666666666667,0.0332333333333333,0.00343333333333333,NA,0.204,1.43333333333333,0,0,0,NA,0,0
"24339","soschnut",2004,3,0.02455,0.0238,0.003,0.11035,0.11335,3.495,0,0,0,0,0,0
"24340","soschnut",2004,4,NA,NA,NA,NA,NA,1.47666666666667,NA,NA,NA,NA,NA,0
"24341","soschnut",2004,5,NA,NA,NA,NA,NA,5.49,NA,NA,NA,NA,NA,0
"24342","soschnut",2004,6,NA,NA,NA,NA,NA,4.81666666666667,NA,NA,NA,NA,NA,0
"24343","soschnut",2004,7,NA,NA,NA,NA,NA,3.16,NA,NA,NA,NA,NA,0
"24344","soschnut",2004,8,NA,NA,NA,NA,NA,2.08666666666667,NA,NA,NA,NA,NA,0
"24345","soschnut",2004,9,NA,NA,NA,NA,NA,3.63333333333333,NA,NA,NA,NA,NA,0
"24346","soschnut",2004,10,NA,NA,NA,NA,NA,1.802,NA,NA,NA,NA,NA,0
"24347","soschnut",2004,11,NA,NA,NA,NA,NA,2.2625,NA,NA,NA,NA,NA,0
"24348","soschnut",2004,12,NA,NA,NA,NA,NA,1.26166666666667,NA,NA,NA,NA,NA,0
"24349","soschnut",2005,1,NA,NA,NA,NA,NA,6.13,NA,NA,NA,NA,NA,0
"24350","soschnut",2005,2,0.0269666666666667,0.0347,0.0042,NA,0.137433333333333,1.04333333333333,0,0,0,NA,0,0
"24351","soschnut",2005,3,NA,NA,NA,0.0819,NA,1.63,NA,NA,NA,0,NA,0
"24352","soschnut",2005,4,NA,NA,NA,0.1688,NA,2.52,NA,NA,NA,0,NA,0
"24353","soschnut",2005,5,0.016,0.0112,0.0017,0.01485,0.01655,9.68,0,0,0,0,0,0
"24354","soschnut",2005,6,NA,NA,NA,NA,NA,2.30333333333333,NA,NA,NA,NA,NA,0
"24355","soschnut",2005,7,0.0416666666666667,0.0233,0.0024,0.0486666666666667,0.0510666666666667,5.38666666666667,0,0,0,0,0,0
"24356","soschnut",2005,8,NA,NA,NA,NA,NA,1.75,NA,NA,NA,NA,NA,0
"24357","soschnut",2005,9,0.0524333333333333,0.0829666666666667,0.0057,0.115333333333333,0.121033333333333,1.48333333333333,0,0,0,0,0,0
"24358","soschnut",2005,10,0.0477,0.0806,0.0065,NA,0.14715,1.825,0,0,0,NA,0,0
"24359","soschnut",2005,11,0.0360333333333333,0.0099,0.0075,NA,0.2799,1.51,0,0,0,NA,0,0
"24360","soschnut",2005,12,0.0357,0.0412,0.0057,0.3295,0.3352,0.79,0,0,0,0,0,0
"24361","soschnut",2006,1,0.0179333333333333,0.0566,0.00303333333333333,NA,0.394733333333333,0.763333333333333,0,0,0,NA,0,0
"24362","soschnut",2006,2,NA,NA,NA,NA,NA,0.69,NA,NA,NA,NA,NA,0
"24363","soschnut",2006,3,NA,NA,NA,NA,NA,2.12333333333333,NA,NA,NA,NA,NA,0
"24364","soschnut",2006,4,0.0124333333333333,0.013,0.00136666666666667,NA,0.0607333333333333,5.71,0,0,0,NA,0,0
"24365","soschnut",2006,5,NA,NA,NA,NA,NA,4.55,NA,NA,NA,NA,NA,0
"24366","soschnut",2006,6,NA,NA,NA,NA,NA,3.12,NA,NA,NA,NA,NA,0
"24367","soschnut",2006,7,NA,NA,NA,NA,NA,1.69666666666667,NA,NA,NA,NA,NA,0
"24368","soschnut",2006,8,NA,NA,NA,NA,NA,2.20666666666667,NA,NA,NA,NA,NA,0
"24369","soschnut",2006,9,NA,NA,NA,NA,NA,2.34,NA,NA,NA,NA,NA,0
"24370","soschnut",2006,10,NA,NA,NA,NA,NA,1.3,NA,NA,NA,NA,NA,0
"24371","soschnut",2006,11,0.0378333333333333,0.103166666666667,0.00733333333333333,NA,0.3507,1.15,0,0,0,NA,0,0
"24372","soschnut",2006,12,NA,NA,NA,NA,NA,1.26666666666667,NA,NA,NA,NA,NA,0
"24373","soschnut",2007,1,0.0320166666666667,0.0264333333333333,0.00291666666666667,0.112883333333333,0.1158,0.933333333333333,0,0,0,0,0,0
"24374","soschnut",2007,2,0.0251333333333333,0.0282,0.00298333333333333,0.0959666666666667,0.09895,2.3,0,0,0,0,0,0
"24375","soschnut",2007,3,0.02015,0.02395,0.00203333333333333,0.0561833333333333,0.0582166666666667,4.67333333333333,0,0,0,0,0,0
"24376","soschnut",2007,4,0.01705,0.0263166666666667,0.0012,0.0262833333333333,0.0274833333333333,4.33166666666667,0,0,0,0,0,0
"24377","soschnut",2007,5,0.0279,0.0328333333333333,0.00175,0.07295,0.0747,6.43666666666667,0,0,0,0,0,0
"24378","soschnut",2007,6,0.0584833333333333,0.00766666666666667,0.004,0.212466666666667,0.216466666666667,NA,0,1,0,0,0,NA
"24379","soschnut",2007,7,0.0276666666666667,0.0116333333333333,0.00356666666666667,0.0479833333333333,0.05155,7.31666666666667,0,0,0,0,0,0
"24380","soschnut",2007,8,0.0674833333333333,0.0426333333333333,0.00916666666666667,0.21595,0.225116666666667,3.13,0,0,0,0,0,0
"24381","soschnut",2007,9,0.0615333333333333,0.0488333333333333,0.00701666666666667,0.210266666666667,0.217283333333333,1.5,0,0,0,0,0,0
"24382","soschnut",2007,10,0.0509,0.0397166666666667,0.0066,0.248533333333333,0.255133333333333,0.238333333333333,0,0,0,0,0,0
"24383","soschnut",2007,11,0.0486333333333333,0.0314666666666667,0.00636666666666667,0.273916666666667,0.280283333333333,0.14,0,0,0,0,0,0
"24384","soschnut",2007,12,0.0346666666666667,0.0243833333333333,0.00488333333333333,0.278133333333333,0.283016666666667,1.13166666666667,0,0,0,0,0,0
"24385","soschnut",2008,1,0.0416666666666667,0.0361666666666667,0.005,0.241666666666667,0.246666666666667,0.606666666666667,0,0,0,0,0,0
"24386","soschnut",2008,2,0.0436666666666667,0.0165,0.003,0.243166666666667,0.2465,0.383333333333333,0,0,0,0,0,1
"24387","soschnut",2008,3,0.028,0.0226666666666667,0.0035,0.130833333333333,0.134333333333333,0.751666666666667,0,0,0,0,0,0
"24388","soschnut",2008,4,0.024,0.0106666666666667,0.002,0.0818333333333333,0.0838333333333333,6.18333333333333,0,0,0,0,0,0
"24389","soschnut",2008,5,0.0211666666666667,0.0181666666666667,0.0015,0.00583333333333333,0.0075,6.69,0,0,0,0,0,0
"24390","soschnut",2008,6,0.0493333333333333,0.01,0.004,0.1374,0.1418,9.19833333333333,0,0,0,0,0,0
"24391","soschnut",2008,7,0.0591666666666667,0.0283333333333333,0.0055,0.165833333333333,0.171,14.17,0,0,0,0,0,0
"24392","soschnut",2008,8,0.049,0.0765,0.00533333333333333,0.0936666666666667,0.099,3.95,0,0,0,0,0,0
"24393","soschnut",2008,9,0.0481666666666667,0.0538333333333333,0.005,0.154666666666667,0.1595,3.40666666666667,0,0,0,0,0,0
"24394","soschnut",2008,10,0.0605,0.0506666666666667,0.006,0.245166666666667,0.251166666666667,1.84833333333333,0,0,0,0,0,0
"24395","soschnut",2008,11,0.0335,0.0538333333333333,0.005,0.0886666666666667,0.0941666666666667,1.76,0,0,0,0,0,0
"24396","soschnut",2008,12,0.0388333333333333,0.0438333333333333,0.006,0.1405,0.146333333333333,1.37333333333333,0,0,0,0,0,1
"24397","soschnut",2009,1,0.0433333333333333,0.0177333333333333,0.00333333333333333,0.240333333333333,0.243666666666667,0.903333333333333,0,1,0,0,0,0
"24398","soschnut",2009,2,0.0368333333333333,0.00816666666666667,0.003,0.188,0.191,0.938333333333333,0,0,0,0,0,0
"24399","soschnut",2009,3,0.0231666666666667,0.0126666666666667,0.0025,0.115,0.1175,1.32166666666667,0,0,0,0,0,0
"24400","soschnut",2009,4,0.0378333333333333,0.0025,0.00266666666666667,0.160666666666667,0.163333333333333,5.342,0,0,0,0,0,0
"24401","soschnut",2009,5,0.0486666666666667,0.0126666666666667,0.0035,0.194,0.1975,2.12333333333333,0,0,0,0,0,0
"24402","soschnut",2009,6,0.0483333333333333,0.0445,0.003,0.113,0.116,2.54833333333333,0,0,0,0,0,0
"24403","soschnut",2009,7,0.0491666666666667,0.0425,0.003,0.0781666666666667,0.0811666666666667,2.26833333333333,0,0,0,0,0,0
"24404","soschnut",2009,8,0.0365,0.0508333333333333,0.0015,0.0173333333333333,0.0188333333333333,1.98166666666667,0,0,0,0,0,0
"24405","soschnut",2009,9,0.0595,0.038,0.0055,0.205166666666667,0.210666666666667,1.392,0,0,0,0,0,0
"24406","soschnut",2009,10,0.0445,0.0775,0.006,0.0931666666666667,0.0991666666666667,0.975,0,0,0,0,0,0
"24407","soschnut",2009,12,0.0298333333333333,0.0626666666666667,0.00583333333333333,0.143166666666667,0.149,0.903333333333333,0,0,0,0,0,0
"24408","soschnut",2010,1,NA,NA,NA,NA,NA,NA,NA,NA,NA,NA,NA,NA
"24409","soschnut",2010,2,NA,NA,NA,NA,NA,NA,NA,NA,NA,NA,NA,NA
"24410","soschnut",2010,4,0.0163333333333333,0.013975,0.00208333333333333,0.105583333333333,0.10775,NA,0,1,0,0,0,NA
"24411","soschnut",2010,5,NA,NA,NA,NA,NA,NA,NA,NA,NA,NA,NA,NA
"24412","soschnut",2010,6,NA,NA,NA,NA,NA,NA,NA,NA,NA,NA,NA,NA
"24413","soschnut",2010,7,NA,NA,NA,NA,NA,NA,NA,NA,NA,NA,NA,NA
"24414","soschnut",2010,8,NA,NA,NA,NA,NA,NA,NA,NA,NA,NA,NA,NA
"24415","soschnut",2010,10,0.051,0.00166666666666667,0.00716666666666667,0.259833333333333,0.266833333333333,NA,0,0,0,0,0,NA
"24416","soschnut",2010,11,NA,NA,NA,NA,NA,NA,NA,NA,NA,NA,NA,NA
"24417","soschnut",2010,12,NA,NA,NA,NA,NA,0.656666666666667,NA,NA,NA,NA,NA,0
"24418","soschnut",2011,2,0.0187333333333333,0.0054,0.00558333333333333,0.0863,NA,0.978333333333333,0,1,0,0,NA,0
"24419","soschnut",2011,3,0.0185333333333333,0.0103916666666667,0.00233333333333333,0.134341666666667,NA,1.00333333333333,0,1,0,0,NA,0
"24420","soschnut",2011,4,0.0187333333333333,0.01345,0.00245,0.0484,NA,5.79166666666667,0,0,0,0,NA,0
"24421","soschnut",2011,5,0.0205333333333333,0.0649333333333333,0.001,0.0130833333333333,NA,1.225,0,0,0,0,NA,0
"24422","soschnut",2011,6,0.0212166666666667,0.0248,0.0023,0.0304166666666667,NA,8.13333333333333,0,0,0,0,NA,0
"24423","soschnut",2011,7,0.0216333333333333,0.0112666666666667,0.00123333333333333,0.00536666666666667,NA,2.39833333333333,0,1,0,0,NA,0
"24424","soschnut",2011,8,0.0459666666666667,0.0334833333333333,0.00476666666666667,0.132166666666667,NA,2.62833333333333,0,0,0,0,NA,0
"24425","soschnut",2011,9,0.0241666666666667,0.0649166666666667,0.0024,0.0169833333333333,NA,2.85833333333333,0,0,0,0,NA,0
"24426","soschnut",2011,11,0.0383833333333333,0.0525333333333333,0.00473333333333333,0.18235,NA,1.06833333333333,0,0,0,0,NA,0
"24427","soschnut",2011,12,0.0462166666666667,0.02335,0.00443333333333333,0.25115,NA,1.41666666666667,0,1,0,0,NA,0
"24428","soschnut",2012,1,0.029,0.0497666666666667,0.004,0.271666666666667,0.275666666666667,0.646666666666667,0,0,0,0,0,0
"24429","soschnut",2012,2,0.026,0.04535,0.003,0.206333333333333,0.209666666666667,0.48,0,0,0,0,0,0
"24430","soschnut",2012,3,0.019,0.0079,0.00266666666666667,0.3,0.302666666666667,0.43,0,0,0,0,0,0
"24431","soschnut",2012,4,0.016,0.0182,0.00466666666666667,0.049,0.0533333333333333,3.36333333333333,0,0,0,0,0,0
"24432","soschnut",2012,5,0.0203333333333333,0.0261,0.001,0.008,0.009,2.38,0,0,0,0,0,0
"24433","soschnut",2012,6,0.02,0.0152333333333333,0.001,0.005,0.006,3.53,0,0,0,0,0,0
"24434","soschnut",2012,7,0.037,0.0292,0.00266666666666667,0.021,0.0236666666666667,3.79333333333333,0,0,0,0,0,0
"24435","soschnut",2012,8,0.0383333333333333,0.0174666666666667,0.005,0.072,0.086,1.795,0,0,0,0,0,0
"24436","soschnut",2012,9,0.0503333333333333,0.0411,0.006,0.128666666666667,0.134666666666667,1.75666666666667,0,0,0,0,0,0
"24437","soschnut",2012,10,0.0406666666666667,0.0823666666666667,0.006,0.092,0.0973333333333333,1.01,0,0,0,0,0,0
"24438","soschnut",2012,11,0.0273333333333333,0.0660333333333333,0.005,0.216,0.221,1.33,0,0,0,0,0,0
"24439","soschnut",2012,12,0.0266666666666667,0.0601666666666667,0.004,0.154333333333333,0.158333333333333,2.50666666666667,0,0,0,0,0,0
"24440","soschnut",2013,1,0.0267,0.0194333333333333,0.00303333333333333,0.118083333333333,0.121116666666667,1.7,0,0,0,0,0,0
"24441","soschnut",2013,2,0.0231666666666667,0.0227333333333333,0.00245,0.0988833333333333,0.101366666666667,1.65,0,0,0,0,0,0
"24442","soschnut",2013,3,0.0238666666666667,0.00326666666666667,0.00243333333333333,0.0548333333333333,0.05725,3.48166666666667,0,0,0,0,0,0
"24443","soschnut",2013,4,0.0356833333333333,0.0140833333333333,0.0032,0.0985666666666667,0.101783333333333,NA,0,0,0,0,0,NA
"24444","soschnut",2013,5,0.0236666666666667,0.0382,0.00245,0.0223833333333333,0.0248166666666667,3.055,0,0,0,0,0,0
"24445","soschnut",2013,6,0.0203833333333333,0.02425,0.00146666666666667,0.00643333333333333,0.00791666666666667,3.05333333333333,0,0,0,0,0,0
"24446","soschnut",2013,7,0.0513666666666667,0.0424,0.00513333333333333,0.182116666666667,0.187266666666667,6.105,0,0,0,0,0,0
"24447","soschnut",2013,8,0.0608833333333333,0.05815,0.00943333333333333,0.200133333333333,0.209616666666667,2.45,0,0,0,0,0,0
"24448","soschnut",2013,9,0.0478833333333333,0.0612833333333333,0.0081,0.16745,0.1756,1.80166666666667,0,0,0,0,0,0
"24449","soschnut",2013,10,0.0478833333333333,0.0490833333333333,0.00613333333333333,0.211116666666667,0.21725,2.29666666666667,0,0,0,0,0,0
"24450","soschnut",2013,11,0.0318,0.0446833333333333,0.00483333333333333,0.1117,0.116533333333333,2.02833333333333,0,0,0,0,0,0
"24451","soschnut",2013,12,0.0459333333333333,0.0426333333333333,0.00515,0.2582,0.263333333333333,1.09333333333333,0,0,0,0,0,0
"24452","soschnut",2014,1,NA,NA,NA,NA,NA,NA,NA,NA,NA,NA,NA,NA
"24453","soschnut",2014,2,NA,NA,NA,NA,NA,NA,NA,NA,NA,NA,NA,NA
"24454","soschnut",2014,3,NA,NA,NA,NA,NA,NA,NA,NA,NA,NA,NA,NA
"24455","soschnut",2014,4,NA,NA,NA,NA,NA,NA,NA,NA,NA,NA,NA,NA
"24456","soschnut",2014,5,NA,NA,NA,NA,NA,NA,NA,NA,NA,NA,NA,NA
"24457","soschnut",2014,6,NA,NA,NA,NA,NA,NA,NA,NA,NA,NA,NA,NA
"24458","soschnut",2014,7,NA,NA,NA,NA,NA,NA,NA,NA,NA,NA,NA,NA
"24459","soschnut",2014,8,NA,NA,NA,NA,NA,NA,NA,NA,NA,NA,NA,NA
"24460","soschnut",2014,10,NA,NA,NA,NA,NA,NA,NA,NA,NA,NA,NA,NA
"24461","soschnut",2014,11,NA,NA,NA,NA,NA,NA,NA,NA,NA,NA,NA,NA
"24462","soschnut",2014,12,NA,NA,NA,NA,NA,NA,NA,NA,NA,NA,NA,NA
"24463","soschnut",2015,1,NA,NA,NA,NA,NA,0.636666666666667,NA,NA,NA,NA,NA,1
"24464","soschnut",2015,2,NA,NA,NA,NA,NA,1.46333333333333,NA,NA,NA,NA,NA,0
"24465","soschnut",2015,3,NA,NA,NA,NA,NA,NA,NA,NA,NA,NA,NA,NA
"24466","soschnut",2015,4,NA,NA,NA,NA,NA,NA,NA,NA,NA,NA,NA,NA
"24467","soschnut",2015,5,NA,NA,NA,NA,NA,NA,NA,NA,NA,NA,NA,NA
"24468","soschnut",2015,6,NA,NA,NA,NA,NA,NA,NA,NA,NA,NA,NA,NA
"24469","soschnut",2015,7,NA,NA,NA,NA,NA,3.32666666666667,NA,NA,NA,NA,NA,0
"24470","soschnut",2015,8,NA,NA,NA,NA,NA,NA,NA,NA,NA,NA,NA,NA
"24471","soschnut",2015,9,NA,NA,NA,NA,NA,NA,NA,NA,NA,NA,NA,NA
"24472","soschnut",2015,10,NA,NA,NA,NA,NA,2.43166666666667,NA,NA,NA,NA,NA,0
"24473","soschnut",2015,11,NA,NA,NA,NA,NA,NA,NA,NA,NA,NA,NA,NA
"24474","soschnut",2015,12,NA,NA,NA,NA,NA,NA,NA,NA,NA,NA,NA,NA
"24475","soschnut",2016,1,NA,NA,NA,NA,NA,NA,NA,NA,NA,NA,NA,NA
"24476","soschnut",2016,2,0.01985,0.0183,0.00328333333333333,0.0605333333333333,0.0638166666666667,NA,0,0,0,0,0,NA
"24477","soschnut",2016,3,0.0145666666666667,0.0198833333333333,0.00248333333333333,0.0811166666666667,0.0836,NA,0,0,0,0,0,NA
"24478","soschnut",2016,4,0.0143333333333333,0.0140333333333333,0.00106666666666667,0.01074,0.01105,3.60833333333333,0,1,1,1,1,0
"24479","soschnut",2016,5,0.0246333333333333,0.0305333333333333,0.00248333333333333,0.0581166666666667,0.0606,4.58666666666667,0,0,0,0,0,0
"24480","soschnut",2016,6,0.0353333333333333,0.0470166666666667,0.0039,0.0840833333333333,0.0879833333333333,7.37,0,0,0,0,0,0
"24481","soschnut",2016,7,0.0367666666666667,0.0438333333333333,0.00396666666666667,0.0695166666666667,0.0734833333333333,8.32833333333333,0,0,0,0,0,0
"24482","soschnut",2016,8,0.04295,0.0298666666666667,0.00576666666666667,0.1544,0.160166666666667,20.7666666666667,0,0,0,0,0,0
"24483","soschnut",2016,9,NA,NA,NA,NA,NA,6.99333333333333,NA,NA,NA,NA,NA,0
"24484","soschnut",2016,10,0.0339,0.0688833333333333,0.0059,0.191233333333333,0.197133333333333,2.41,0,0,0,0,0,0
"24485","soschnut",2016,11,0.01675,0.0339666666666667,0.00356666666666667,0.265716666666667,0.269283333333333,1.625,0,0,0,0,0,0
"24486","soschnut",2016,12,0.0261833333333333,0.0219833333333333,0.00596666666666667,0.148133333333333,0.1541,1.60166666666667,0,0,0,0,0,0
"24487","soschnut",2017,1,0.0234833333333333,0.0215166666666667,0.00506666666666667,0.17435,0.179416666666667,0.998333333333333,0,0,0,0,0,0
"24488","soschnut",2017,2,0.02165,0.0357166666666667,0.00461666666666667,0.201283333333333,0.2059,0.758333333333333,0,0,0,0,0,0
"24489","soschnut",2017,3,0.0153833333333333,0.0206166666666667,0.0017,0.0966666666666667,0.0983666666666667,1.86333333333333,0,0,0,0,0,0
"24490","soschnut",2017,4,0.01825,0.02345,0.00253333333333333,0.05928,0.06182,2.14,0,0,0,0,0,0
"24491","soschnut",2017,5,0.0251833333333333,0.02715,0.00288333333333333,0.0856166666666667,0.0885,16.346,0,0,0,0,0,0
"24492","soschnut",2017,6,0.0177666666666667,0.00451666666666667,0.00111666666666667,0.02065,0.01605,8.99333333333333,0,1,0,0,1,0
"24493","soschnut",2017,7,0.0444333333333333,0.0466333333333333,0.00573333333333333,0.1984,0.204133333333333,18.7433333333333,0,0,0,0,0,0
"24494","soschnut",2017,8,NA,NA,NA,NA,NA,1.12,NA,NA,NA,NA,NA,0
"24495","soschnut",2017,9,0.03915,0.0693333333333333,0.00686666666666667,0.107116666666667,0.113983333333333,3.73,0,0,0,0,0,0
"24496","soschnut",2017,10,NA,NA,NA,NA,NA,1.60666666666667,NA,NA,NA,NA,NA,0
"24497","soschnut",2017,11,0.0331666666666667,0.04295,0.00571666666666667,0.178683333333333,0.1844,1.57833333333333,0,0,0,0,0,0
"24498","soschnut",2017,12,NA,NA,NA,NA,NA,1.06166666666667,NA,NA,NA,NA,NA,0
"24499","soschnut",2018,1,0.0200166666666667,0.0312,0.0031,0.0899333333333333,0.0930333333333333,1.88166666666667,0,0,0,0,0,0
"24500","soschnut",2018,2,0.0255833333333333,0.02444,0.00533333333333333,0.125333333333333,0.130666666666667,1.655,0,0,0,0,0,0
"24501","soschnut",2018,3,0.01445,0.0266,0.00186666666666667,0.0633166666666667,0.0651833333333333,0.615,0,0,0,0,0,0
"24502","soschnut",2018,4,0.0324833333333333,0.0135833333333333,0.00298333333333333,0.1743,0.177283333333333,3.38833333333333,0,0,0,0,0,0
"24503","soschnut",2018,5,0.03285,0.0436666666666667,0.00301666666666667,0.108133333333333,0.11115,6.295,0,0,0,0,0,0
"24504","soschnut",2018,6,0.0384833333333333,0.0324833333333333,0.00416666666666667,0.136283333333333,0.14045,5.1,0,0,0,0,0,0
"24505","soschnut",2018,7,0.0631833333333333,0.0415833333333333,0.00718,0.280183333333333,0.287566666666667,4.195,0,0,0,0,0,0
"24506","soschnut",2018,8,0.0640166666666667,0.08752,0.00548333333333333,0.224883333333333,0.230366666666667,NA,0,0,0,0,0,NA
"24507","soschnut",2018,9,NA,NA,NA,NA,NA,3.10166666666667,NA,NA,NA,NA,NA,0
"24508","soschnut",2018,10,NA,NA,NA,NA,NA,2.08,NA,NA,NA,NA,NA,0
"24509","soschnut",2018,11,0.04955,0.02585,0.0052,0.242466666666667,0.247666666666667,NA,0,0,0,0,0,NA
"24510","soschnut",2018,12,NA,NA,NA,NA,NA,0.848333333333333,NA,NA,NA,NA,NA,0
"24511","soschnut",2019,1,0.0248833333333333,0.0244666666666667,0.00765,0.117983333333333,0.12565,NA,0,0,0,0,0,NA
"24512","soschnut",2019,2,0.0216166666666667,0.0188333333333333,0.004,0.138066666666667,0.1421,NA,0,0,0,0,0,NA
"24513","soschnut",2019,3,0.0170333333333333,0.014,0.00208333333333333,0.0407666666666667,0.04285,NA,0,1,0,0,0,NA
"24514","soschnut",2019,4,NA,NA,NA,NA,NA,NA,NA,NA,NA,NA,NA,NA
"24515","soschnut",2019,5,0.0266333333333333,0.0391666666666667,0.0031,0.08075,0.0838833333333333,NA,0,0,0,0,0,NA
"24516","soschnut",2019,6,0.0319833333333333,0.0442666666666667,0.00363333333333333,0.0474666666666667,0.0511166666666667,NA,0,0,0,0,0,NA
"24517","soschnut",2019,7,0.0648333333333333,0.06132,0.00473333333333333,0.184116666666667,0.18885,NA,0,0,0,0,0,NA
"24518","soschnut",2019,8,0.03985,0.03495,0.00441666666666667,0.0888333333333333,0.09325,NA,0,0,0,0,0,NA
"24519","soschnut",2019,9,NA,NA,NA,NA,NA,NA,NA,NA,NA,NA,NA,NA
"24520","soschnut",2019,10,NA,NA,NA,NA,NA,NA,NA,NA,NA,NA,NA,NA
"24521","soschnut",2019,11,NA,NA,NA,NA,NA,2.10333333333333,NA,NA,NA,NA,NA,0
"24522","soschnut",2019,12,NA,NA,NA,NA,NA,0.983333333333333,NA,NA,NA,NA,NA,0
"24523","soschnut",2020,1,NA,NA,NA,NA,NA,1.51333333333333,NA,NA,NA,NA,NA,0
"24524","soschnut",2020,2,0.0275,0.0178666666666667,0.00248333333333333,0.11955,0.122083333333333,2.515,0,0,0,0,0,0
"24525","soschnut",2020,3,NA,NA,NA,NA,NA,NA,NA,NA,NA,NA,NA,NA
"24526","soschnut",2020,4,NA,NA,NA,NA,NA,8.20333333333333,NA,NA,NA,NA,NA,0
"24527","soschnut",2020,5,0.01715,0.0232,0.00253333333333333,0.0252166666666667,0.0267166666666667,NA,0,0,1,1,1,NA
"24528","soschnut",2020,6,0.03185,0.0254666666666667,0.00535,0.0817166666666667,0.0871,NA,0,0,0,0,0,NA
"24529","soschnut",2020,7,0.04835,0.0296,0.00592,0.20036,0.20626,NA,0,1,0,0,0,NA
"24530","soschnut",2020,8,0.0578,0.07174,0.00555,0.209816666666667,0.215366666666667,4.755,0,0,0,0,0,0
"24531","soschnut",2020,9,NA,NA,NA,NA,NA,4.04666666666667,NA,NA,NA,NA,NA,0
"24532","soschnut",2020,10,0.0431,0.0474833333333333,0.00503333333333333,0.1745,0.179566666666667,1.32666666666667,0,0,0,0,0,0
"24533","soschnut",2020,11,NA,NA,NA,NA,NA,NA,NA,NA,NA,NA,NA,NA
"24534","soschnut",2020,12,NA,NA,NA,NA,NA,NA,NA,NA,NA,NA,NA,NA
"24535","soschnut",2021,1,0.0319166666666667,0.0261833333333333,0.00648,0.1715,0.17798,NA,0,0,0,0,0,NA
"24536","soschnut",2021,2,0.0278,0.0317666666666667,0.00308333333333333,0.189066666666667,0.19215,1.69,0,0,0,0,0,0
"24537","soschnut",2021,3,0.0206333333333333,0.0189,0.00235,0.10452,0.109716666666667,3.40166666666667,0,0,1,0,0,0
"24538","soschnut",2021,4,NA,NA,NA,NA,NA,5.58666666666667,NA,NA,NA,NA,NA,0
"24539","soschnut",2021,5,0.0263333333333333,0.0319,0.00276666666666667,0.0376666666666667,0.0404333333333333,13.0316666666667,0,0,0,0,0,0
"24540","soschnut",2021,6,NA,NA,NA,NA,NA,3.56,NA,NA,NA,NA,NA,0
"24541","soschnut",2021,7,0.04325,0.0257666666666667,0.00596666666666667,0.1308,0.136766666666667,2.52333333333333,0,0,0,0,0,0
"24542","soschnut",2021,8,NA,NA,NA,NA,NA,2.86,NA,NA,NA,NA,NA,0
"24543","soschnut",2021,9,NA,NA,NA,NA,NA,3.92166666666667,NA,NA,NA,NA,NA,0
"24544","soschnut",2021,10,0.0332333333333333,0.0445666666666667,0.00433333333333333,0.0790833333333333,0.0834166666666667,2.765,0,0,0,0,0,0
"24545","soschnut",2021,11,NA,NA,NA,NA,NA,NA,NA,NA,NA,NA,NA,NA
"24546","soschnut",2021,12,NA,NA,NA,NA,NA,1.42333333333333,NA,NA,NA,NA,NA,0
"24547","soschnut",2022,1,0.0342333333333333,0.0266833333333333,0.005,0.176183333333333,0.181183333333333,1.34,0,0,0,0,0,0
"24548","soschnut",2022,3,0.0207666666666667,0.0217909090909091,0.00234166666666667,0.0654090909090909,0.0662166666666667,7.98333333333333,0,0,0,0,0,0
"24549","soschnut",2022,4,0.0177166666666667,0.0309,0.00155,0.0286666666666667,0.0302166666666667,NA,0,0,0,0,0,NA
"24550","soschnut",2022,5,NA,NA,NA,NA,NA,5.085,NA,NA,NA,NA,NA,0
"24551","soschnut",2022,6,0.0193,0.01045,0.00148333333333333,0.01545,0.0169333333333333,7.24166666666667,0,0,0,0,0,0
"24552","soschnut",2022,7,NA,NA,NA,NA,NA,10.6333333333333,NA,NA,NA,NA,NA,0
"24553","soschnut",2022,8,NA,NA,NA,NA,NA,2.506,NA,NA,NA,NA,NA,0
"24554","soschnut",2022,9,0.0373166666666667,0.0468833333333333,0.00586666666666667,0.1055,0.111366666666667,3.34833333333333,0,0,0,0,0,0
"24555","soschnut",2022,10,NA,NA,NA,NA,NA,8.34666666666667,NA,NA,NA,NA,NA,0
"24556","soschnut",2022,11,NA,NA,NA,NA,NA,NA,NA,NA,NA,NA,NA,NA
"24557","soschnut",2022,12,0.0294333333333333,0.0223333333333333,0.00433333333333333,0.1183,0.122633333333333,1.75,0,0,0,0,0,0
"24558","soscsnut",2002,11,0.03379,0.12913,0.00703,NA,0.09131,1.856,0,0,0,NA,0,0
"24559","soscsnut",2003,1,0.0271333333333333,0.0860222222222222,0.00842222222222222,NA,0.273622222222222,0.887777777777778,0,0,0,NA,0,0
"24560","soscsnut",2003,4,0.0170818181818182,0.0297363636363636,0.00218181818181818,0.0546,0.0567818181818182,1.55545454545455,0,0,0,0,0,0
"24561","soscsnut",2003,7,NA,NA,NA,NA,NA,2.37727272727273,NA,NA,NA,NA,NA,0
"24562","sosvanut",2002,6,0.0378333333333333,0.0321,0.00186666666666667,0.0143666666666667,0.0162333333333333,3.40666666666667,0,0,0,0,0,0
"24563","sosvanut",2002,7,0.0548,0.0536666666666667,0.0042,0.0541333333333333,0.0583333333333333,2.29333333333333,0,0,0,0,0,0
"24564","sosvanut",2002,8,NA,NA,NA,NA,NA,NA,NA,NA,NA,NA,NA,NA
"24565","sosvanut",2002,9,0.0576,0.0867,0.00556666666666667,0.00393333333333333,0.0095,NA,0,0,0,0,0,NA
"24566","sosvanut",2002,10,0.0548333333333333,0.0823666666666667,0.00703333333333333,0.106066666666667,0.1131,2.03,0,0,0,0,0,0
"24567","sosvanut",2002,11,0.037,0.211066666666667,0.0112,NA,0.113333333333333,1.55,0,0,0,NA,0,0
"24568","sosvanut",2003,1,0.0178666666666667,0.0995,0.0067,NA,0.389433333333333,1.49333333333333,0,0,0,NA,0,0
"24569","sosvanut",2003,2,0.0242666666666667,0.0522,0.00346666666666667,NA,0.182766666666667,2.27,0,0,0,NA,0,0
"24570","sosvanut",2003,3,0.0198,0.0498666666666667,0.00323333333333333,NA,0.163233333333333,2.1,0,0,0,NA,0,0
"24571","sosvanut",2003,4,0.00936666666666667,0.0166,0.0018,0.0832666666666667,0.0850666666666667,4.7,0,0,0,0,0,0
"24572","sosvanut",2003,5,0.0188,0.0223,0.001,NA,0.0021,6.37666666666667,0,0,0,NA,1,0
"24573","sosvanut",2003,6,NA,NA,NA,NA,NA,3.41666666666667,NA,NA,NA,NA,NA,0
"24574","sosvanut",2003,7,NA,NA,NA,NA,NA,2.69,NA,NA,NA,NA,NA,0
"24575","sosvanut",2003,8,NA,NA,NA,NA,NA,2.63,NA,NA,NA,NA,NA,0
"24576","sosvanut",2003,9,NA,NA,NA,NA,NA,1.36666666666667,NA,NA,NA,NA,NA,0
"24577","sosvanut",2003,10,0.0455333333333333,0.0910666666666667,0.0076,0.0550333333333333,0.0626333333333333,2.87,0,0,0,0,0,0
"24578","sosvanut",2003,11,NA,NA,NA,NA,NA,1.72,NA,NA,NA,NA,NA,0
"24579","sosvanut",2003,12,NA,NA,NA,NA,NA,1.65,NA,NA,NA,NA,NA,0
"24580","sosvanut",2004,1,0.0218,0.0523,0.0057,NA,0.291966666666667,2.33333333333333,0,0,0,NA,0,0
"24581","sosvanut",2004,2,0.0153333333333333,0.0308333333333333,0.00226666666666667,NA,0.249033333333333,1.40666666666667,0,0,0,NA,0,0
"24582","sosvanut",2004,3,0.01815,0.01855,0.00215,0.11505,0.1172,3.695,0,0,0,0,0,0
"24583","sosvanut",2004,4,NA,NA,NA,NA,NA,2.17,NA,NA,NA,NA,NA,0
"24584","sosvanut",2004,5,NA,NA,NA,NA,NA,10.31,NA,NA,NA,NA,NA,0
"24585","sosvanut",2004,6,NA,NA,NA,NA,NA,6.02666666666667,NA,NA,NA,NA,NA,0
"24586","sosvanut",2004,7,NA,NA,NA,NA,NA,4.25666666666667,NA,NA,NA,NA,NA,0
"24587","sosvanut",2004,8,NA,NA,NA,NA,NA,3.07166666666667,NA,NA,NA,NA,NA,0
"24588","sosvanut",2004,9,NA,NA,NA,NA,NA,2.79833333333333,NA,NA,NA,NA,NA,0
"24589","sosvanut",2004,10,NA,NA,NA,NA,NA,5.075,NA,NA,NA,NA,NA,0
"24590","sosvanut",2004,11,NA,NA,NA,NA,NA,2.07833333333333,NA,NA,NA,NA,NA,0
"24591","sosvanut",2004,12,NA,NA,NA,NA,NA,2.69333333333333,NA,NA,NA,NA,NA,0
"24592","sosvanut",2005,1,NA,NA,NA,NA,NA,1.79333333333333,NA,NA,NA,NA,NA,0
"24593","sosvanut",2005,2,0.0225,0.0360666666666667,0.00333333333333333,NA,0.1373,1.49666666666667,0,0,0,NA,0,0
"24594","sosvanut",2005,3,NA,NA,NA,0.0574333333333333,NA,2.12333333333333,NA,NA,NA,0,NA,0
"24595","sosvanut",2005,4,NA,NA,NA,0.276933333333333,NA,2.85333333333333,NA,NA,NA,0,NA,0
"24596","sosvanut",2005,5,0.0132333333333333,0.0195,0.00123333333333333,0.0301,0.0313333333333333,11.9333333333333,0,0,0,0,0,0
"24597","sosvanut",2005,6,NA,NA,NA,NA,NA,3.67666666666667,NA,NA,NA,NA,NA,0
"24598","sosvanut",2005,7,0.0359,0.0258333333333333,0.00316666666666667,0.0340666666666667,0.0372333333333333,7.83,0,0,0,0,0,0
"24599","sosvanut",2005,8,NA,NA,NA,NA,NA,2.28,NA,NA,NA,NA,NA,0
"24600","sosvanut",2005,9,0.0516333333333333,0.0930666666666667,0.00553333333333333,0.1039,0.109433333333333,1.53666666666667,0,0,0,0,0,0
"24601","sosvanut",2005,10,0.0424666666666667,0.0812666666666667,0.00563333333333333,NA,0.124466666666667,2.38666666666667,0,0,0,NA,0,0
"24602","sosvanut",2005,11,0.0249333333333333,0.0101,0.00556666666666667,NA,0.3564,1.58666666666667,0,0,0,NA,0,0
"24603","sosvanut",2005,12,0.0289666666666667,0.0519,0.00473333333333333,0.3872,0.391933333333333,1.38,0,0,0,0,0,0
"24604","sosvanut",2006,1,0.0135666666666667,0.0547333333333333,0.0026,NA,0.476133333333333,3.51333333333333,0,0,0,NA,0,0
"24605","sosvanut",2006,2,NA,NA,NA,NA,NA,1.18,NA,NA,NA,NA,NA,0
"24606","sosvanut",2006,3,NA,NA,NA,NA,NA,4.61333333333333,NA,NA,NA,NA,NA,0
"24607","sosvanut",2006,4,0.00803333333333333,0.0093,0.0012,NA,0.1122,14.0433333333333,0,0,0,NA,0,0
"24608","sosvanut",2006,5,NA,NA,NA,NA,NA,10.7033333333333,NA,NA,NA,NA,NA,0
"24609","sosvanut",2006,6,NA,NA,NA,NA,NA,6.92,NA,NA,NA,NA,NA,0
"24610","sosvanut",2006,7,NA,NA,NA,NA,NA,17.47,NA,NA,NA,NA,NA,0
"24611","sosvanut",2006,8,NA,NA,NA,NA,NA,3.49666666666667,NA,NA,NA,NA,NA,0
"24612","sosvanut",2006,9,NA,NA,NA,NA,NA,3.34,NA,NA,NA,NA,NA,0
"24613","sosvanut",2006,10,NA,NA,NA,NA,NA,1.08333333333333,NA,NA,NA,NA,NA,0
"24614","sosvanut",2006,11,0.0318,0.1226,0.0077,NA,0.404666666666667,2.14,0,0,0,NA,0,0
"24615","sosvanut",2006,12,NA,NA,NA,NA,NA,7.49333333333333,NA,NA,NA,NA,NA,0
"24616","sosvanut",2007,1,0.0267333333333333,0.0431166666666667,0.0029,0.137233333333333,0.140133333333333,0.961666666666667,0,0,0,0,0,0
"24617","sosvanut",2007,2,0.02195,0.0294833333333333,0.00246666666666667,0.0909833333333333,0.09345,2.47666666666667,0,0,0,0,0,0
"24618","sosvanut",2007,3,0.01965,0.0298333333333333,0.00208333333333333,0.0821166666666667,0.0842,5.08,0,0,0,0,0,0
"24619","sosvanut",2007,4,0.01785,0.0279166666666667,0.0012,0.0379333333333333,0.0391333333333333,5.21333333333333,0,0,0,0,0,0
"24620","sosvanut",2007,5,0.0207833333333333,0.0276833333333333,9e-04,0.01435,0.01525,5.88166666666667,0,0,0,0,0,0
"24621","sosvanut",2007,6,0.0402833333333333,0.00805,0.00266666666666667,0.13054,0.11145,NA,1,1,1,0,0,NA
"24622","sosvanut",2007,7,0.0261666666666667,0.0135833333333333,0.00268333333333333,0.0268333333333333,0.0295166666666667,5.42666666666667,0,0,0,0,0,0
"24623","sosvanut",2007,8,0.0627833333333333,0.0556333333333333,0.00778333333333333,0.128283333333333,0.136066666666667,2.98333333333333,0,0,0,0,0,0
"24624","sosvanut",2007,9,0.0569666666666667,0.04252,0.00633333333333333,0.15515,0.161483333333333,2.06,0,0,0,0,0,0
"24625","sosvanut",2007,10,0.0485166666666667,0.0511333333333333,0.00666666666666667,0.232683333333333,0.23935,0.281666666666667,0,0,0,0,0,0
"24626","sosvanut",2007,11,0.04345,0.0422166666666667,0.00611666666666667,0.278533333333333,0.28465,0.188333333333333,0,0,0,0,0,1
"24627","sosvanut",2007,12,0.0244666666666667,0.0348,0.00388333333333333,0.34575,0.349633333333333,2.03666666666667,0,0,0,0,0,0
"24628","sosvanut",2008,1,0.0363333333333333,0.048,0.005,0.25,0.255166666666667,0.581666666666667,0,0,0,0,0,0
"24629","sosvanut",2008,2,0.0371666666666667,0.0225,0.003,0.229666666666667,0.232666666666667,0.578333333333333,0,0,0,0,0,0
"24630","sosvanut",2008,3,0.0233333333333333,0.033,0.0025,0.137166666666667,0.14,1.20833333333333,0,0,0,0,0,0
"24631","sosvanut",2008,4,0.0145,0.00883333333333333,0.0015,0.0278333333333333,0.0288333333333333,4.79333333333333,0,0,0,0,0,0
"24632","sosvanut",2008,5,0.024,0.0196666666666667,0.0015,0.00583333333333333,0.00783333333333333,4.91166666666667,0,0,0,0,0,0
"24633","sosvanut",2008,6,0.0351666666666667,0.00766666666666667,0.003,0.09175,0.0648666666666667,8.12666666666667,0,0,0,0,1,0
"24634","sosvanut",2008,7,0.0503333333333333,0.0286666666666667,0.0045,0.101333333333333,0.106,10.4116666666667,0,0,0,0,0,0
"24635","sosvanut",2008,8,0.0481666666666667,0.056,0.006,0.0951666666666667,0.101,5.10166666666667,0,0,0,0,0,0
"24636","sosvanut",2008,9,0.0591666666666667,0.0575,0.00483333333333333,0.103166666666667,0.107833333333333,1.89833333333333,0,0,0,0,0,0
"24637","sosvanut",2008,10,0.051,0.0486666666666667,0.00483333333333333,0.193333333333333,0.198,1.89333333333333,0,0,0,0,0,0
"24638","sosvanut",2008,11,0.0353333333333333,0.0645,0.005,0.0948333333333333,0.0998333333333333,1.475,0,0,0,0,0,0
"24639","sosvanut",2008,12,0.0385,0.0476666666666667,0.0055,0.135333333333333,0.140666666666667,2.105,0,0,0,0,0,0
"24640","sosvanut",2009,1,0.031,0.0183333333333333,0.003,0.182833333333333,0.185833333333333,0.948333333333333,0,0,0,0,0,0
"24641","sosvanut",2009,2,0.0333333333333333,0.0215,0.00316666666666667,0.160166666666667,0.163333333333333,2.955,0,0,0,0,0,0
"24642","sosvanut",2009,3,0.0171666666666667,0.017,0.0025,0.123166666666667,0.125666666666667,2.94,0,0,0,0,0,0
"24643","sosvanut",2009,4,0.024,0.00416666666666667,0.0017,0.1295,0.0916666666666667,7.91833333333333,0,0,1,0,0,0
"24644","sosvanut",2009,5,0.0393333333333333,0.0262833333333333,0.00316666666666667,0.1375,0.140666666666667,2.42333333333333,0,1,0,0,0,0
"24645","sosvanut",2009,6,0.0418333333333333,0.0405,0.003,0.079,0.082,3.36666666666667,0,0,0,0,0,0
"24646","sosvanut",2009,7,0.0443333333333333,0.0388333333333333,0.003,0.0236666666666667,0.0266666666666667,2.08,0,0,0,0,0,0
"24647","sosvanut",2009,8,0.0468333333333333,0.058,0.002,0.0138333333333333,0.0158333333333333,2.29833333333333,0,0,0,0,0,0
"24648","sosvanut",2009,9,0.0608333333333333,0.0603333333333333,0.006,0.114666666666667,0.120666666666667,1.14166666666667,0,0,0,0,0,0
"24649","sosvanut",2009,10,0.0495,0.1295,0.008,0.0723333333333333,0.0803333333333333,1.64833333333333,0,0,0,0,0,0
"24650","sosvanut",2009,12,0.0275,0.0728333333333333,0.00616666666666667,0.1875,0.193666666666667,0.948333333333333,0,0,0,0,0,0
"24651","sosvanut",2010,1,NA,NA,NA,NA,NA,NA,NA,NA,NA,NA,NA,NA
"24652","sosvanut",2010,2,NA,NA,NA,NA,NA,NA,NA,NA,NA,NA,NA,NA
"24653","sosvanut",2010,4,0.0116833333333333,0.0151666666666667,0.00175,0.188833333333333,0.19075,NA,1,0,0,0,0,NA
"24654","sosvanut",2010,5,NA,NA,NA,NA,NA,NA,NA,NA,NA,NA,NA,NA
"24655","sosvanut",2010,6,NA,NA,NA,NA,NA,NA,NA,NA,NA,NA,NA,NA
"24656","sosvanut",2010,7,NA,NA,NA,NA,NA,NA,NA,NA,NA,NA,NA,NA
"24657","sosvanut",2010,8,NA,NA,NA,NA,NA,NA,NA,NA,NA,NA,NA,NA
"24658","sosvanut",2010,10,0.0486666666666667,0.0074,0.0058,0.2378,0.2255,NA,0,0,0,0,0,NA
"24659","sosvanut",2010,11,NA,NA,NA,NA,NA,NA,NA,NA,NA,NA,NA,NA
"24660","sosvanut",2010,12,NA,NA,NA,NA,NA,1.05833333333333,NA,NA,NA,NA,NA,0
"24661","sosvanut",2011,2,0.0170166666666667,0.00996666666666667,0.00431666666666667,0.101066666666667,NA,1.00166666666667,0,1,0,0,NA,0
"24662","sosvanut",2011,3,0.0146166666666667,0.01495,0.002125,0.165683333333333,NA,1.21166666666667,0,0,0,0,NA,0
"24663","sosvanut",2011,4,0.0149666666666667,0.0189166666666667,0.00233333333333333,0.0399333333333333,NA,3.5,0,0,0,0,NA,0
"24664","sosvanut",2011,5,0.0113,0.0366666666666667,8e-04,0.0105666666666667,NA,1.79,0,0,0,0,NA,0
"24665","sosvanut",2011,6,0.01785,0.0146,0.0017,0.0128166666666667,NA,8.52,0,0,0,0,NA,0
"24666","sosvanut",2011,7,0.02435,0.01425,0.0012,0.00323333333333333,NA,3.01833333333333,0,0,0,0,NA,0
"24667","sosvanut",2011,8,0.0414333333333333,0.0297333333333333,0.0043,0.0984666666666667,NA,2.48166666666667,0,0,0,0,NA,0
"24668","sosvanut",2011,9,0.0308333333333333,0.0715833333333333,0.00363333333333333,0.0250333333333333,NA,2.57,0,0,0,0,NA,0
"24669","sosvanut",2011,11,0.0300083333333333,0.0683666666666667,0.00514166666666667,0.163991666666667,NA,1.18333333333333,0,0,0,0,NA,0
"24670","sosvanut",2011,12,0.0414833333333333,0.0231333333333333,0.00428333333333333,0.220566666666667,NA,1.75666666666667,0,1,0,0,NA,0
"24671","sosvanut",2012,1,0.024,0.0666,0.004,0.332333333333333,0.336333333333333,0.513333333333333,0,0,0,0,0,0
"24672","sosvanut",2012,2,0.014,0.0514666666666667,0.00266666666666667,0.223333333333333,0.225666666666667,0.933333333333333,0,0,0,0,0,0
"24673","sosvanut",2012,3,0.0133333333333333,0.0140666666666667,0.002,0.328666666666667,0.331,1.77666666666667,0,0,0,0,0,0
"24674","sosvanut",2012,4,0.012,0.0113666666666667,0.00166666666666667,0.0593333333333333,0.061,2.54,0,0,0,0,0,0
"24675","sosvanut",2012,5,0.0126666666666667,0.0113666666666667,0.000666666666666667,0.012,0.0126666666666667,5.63,0,0,1,1,1,0
"24676","sosvanut",2012,6,0.0186666666666667,0.0127666666666667,0,0.004,0.004,6.56,0,0,1,1,1,0
"24677","sosvanut",2012,7,0.0323333333333333,0.0104666666666667,0.002,0.0103333333333333,0.0123333333333333,2.00333333333333,0,0,0,0,0,0
"24678","sosvanut",2012,8,0.039,0.0234,0.004,0.0386666666666667,0.0423333333333333,1.56333333333333,0,0,0,0,0,0
"24679","sosvanut",2012,9,0.0506666666666667,0.0434333333333333,0.004,0.0476666666666667,0.0516666666666667,2.22,0,0,0,0,0,0
"24680","sosvanut",2012,10,0.037,0.0872333333333333,0.006,0.121,0.127,1.66,0,0,0,0,0,0
"24681","sosvanut",2012,11,0.025,0.0625333333333333,0.005,0.251666666666667,0.256666666666667,1.97,0,0,0,0,0,0
"24682","sosvanut",2012,12,0.0216666666666667,0.0533666666666667,0.004,0.192333333333333,0.196,2.07,0,0,0,0,0,0
"24683","sosvanut",2013,1,0.0220166666666667,0.0274666666666667,0.00281666666666667,0.106983333333333,0.109833333333333,1.68333333333333,0,0,0,0,0,0
"24684","sosvanut",2013,2,0.0239666666666667,0.02945,0.00256666666666667,0.11545,0.118033333333333,1.955,0,0,0,0,0,0
"24685","sosvanut",2013,3,0.01388,0.00282,0.0013,0.0336,0.03286,16.612,0,0,1,1,0,0
"24686","sosvanut",2013,4,0.0297166666666667,0.0134833333333333,0.00261666666666667,0.0434,0.046,NA,0,0,0,0,0,NA
"24687","sosvanut",2013,5,0.0230333333333333,0.0408833333333333,0.00283333333333333,0.0234833333333333,0.0263166666666667,3.735,0,0,0,0,0,0
"24688","sosvanut",2013,6,0.0188833333333333,0.0187333333333333,0.00135,0.0061,0.00745,4.54833333333333,0,0,0,0,0,0
"24689","sosvanut",2013,7,0.0462166666666667,0.04325,0.00178333333333333,0.14765,0.14945,6.52833333333333,0,0,0,0,0,0
"24690","sosvanut",2013,8,0.0575833333333333,0.0510333333333333,0.00778333333333333,0.170966666666667,0.178766666666667,3.51,0,0,0,0,0,0
"24691","sosvanut",2013,9,0.04845,0.0683833333333333,0.0087,0.155066666666667,0.1638,2.62,0,0,0,0,0,0
"24692","sosvanut",2013,10,0.0444333333333333,0.0681666666666667,0.00695,0.181716666666667,0.188666666666667,3.255,0,0,0,0,0,0
"24693","sosvanut",2013,11,0.03202,0.05088,0.00502,0.11306,0.11808,2.574,0,0,0,0,0,0
"24694","sosvanut",2013,12,0.0414166666666667,0.0399,0.0049,0.239666666666667,0.2446,1.228,0,0,0,0,0,0
"24695","sosvanut",2014,1,NA,NA,NA,NA,NA,NA,NA,NA,NA,NA,NA,NA
"24696","sosvanut",2014,2,NA,NA,NA,NA,NA,NA,NA,NA,NA,NA,NA,NA
"24697","sosvanut",2014,3,NA,NA,NA,NA,NA,NA,NA,NA,NA,NA,NA,NA
"24698","sosvanut",2014,4,NA,NA,NA,NA,NA,NA,NA,NA,NA,NA,NA,NA
"24699","sosvanut",2014,5,NA,NA,NA,NA,NA,NA,NA,NA,NA,NA,NA,NA
"24700","sosvanut",2014,6,NA,NA,NA,NA,NA,NA,NA,NA,NA,NA,NA,NA
"24701","sosvanut",2014,7,NA,NA,NA,NA,NA,NA,NA,NA,NA,NA,NA,NA
"24702","sosvanut",2014,8,NA,NA,NA,NA,NA,NA,NA,NA,NA,NA,NA,NA
"24703","sosvanut",2014,10,NA,NA,NA,NA,NA,NA,NA,NA,NA,NA,NA,NA
"24704","sosvanut",2014,11,NA,NA,NA,NA,NA,NA,NA,NA,NA,NA,NA,NA
"24705","sosvanut",2014,12,NA,NA,NA,NA,NA,NA,NA,NA,NA,NA,NA,NA
"24706","sosvanut",2015,1,NA,NA,NA,NA,NA,0.772,NA,NA,NA,NA,NA,0
"24707","sosvanut",2015,2,NA,NA,NA,NA,NA,1.845,NA,NA,NA,NA,NA,0
"24708","sosvanut",2015,3,NA,NA,NA,NA,NA,NA,NA,NA,NA,NA,NA,NA
"24709","sosvanut",2015,4,NA,NA,NA,NA,NA,NA,NA,NA,NA,NA,NA,NA
"24710","sosvanut",2015,5,NA,NA,NA,NA,NA,NA,NA,NA,NA,NA,NA,NA
"24711","sosvanut",2015,6,NA,NA,NA,NA,NA,NA,NA,NA,NA,NA,NA,NA
"24712","sosvanut",2015,7,NA,NA,NA,NA,NA,3.63833333333333,NA,NA,NA,NA,NA,0
"24713","sosvanut",2015,8,NA,NA,NA,NA,NA,NA,NA,NA,NA,NA,NA,NA
"24714","sosvanut",2015,9,NA,NA,NA,NA,NA,NA,NA,NA,NA,NA,NA,NA
"24715","sosvanut",2015,10,NA,NA,NA,NA,NA,2.28666666666667,NA,NA,NA,NA,NA,0
"24716","sosvanut",2015,11,NA,NA,NA,NA,NA,NA,NA,NA,NA,NA,NA,NA
"24717","sosvanut",2015,12,NA,NA,NA,NA,NA,NA,NA,NA,NA,NA,NA,NA
"24718","sosvanut",2016,1,NA,NA,NA,NA,NA,NA,NA,NA,NA,NA,NA,NA
"24719","sosvanut",2016,2,0.01965,0.02175,0.00301666666666667,0.0918833333333333,0.0949,NA,0,0,0,0,0,NA
"24720","sosvanut",2016,3,0.0130833333333333,0.0204,0.00261666666666667,0.125616666666667,0.128233333333333,NA,0,0,0,0,0,NA
"24721","sosvanut",2016,4,0.0140333333333333,0.00514,0.00135,0.0117833333333333,0.0131333333333333,8.66,0,1,0,0,0,0
"24722","sosvanut",2016,5,0.02245,0.02878,0.00281666666666667,0.0210666666666667,0.0238833333333333,4.67166666666667,0,0,0,0,0,0
"24723","sosvanut",2016,6,0.03345,0.0460333333333333,0.0042,0.06835,0.07255,9.61833333333333,0,0,0,0,0,0
"24724","sosvanut",2016,7,0.03815,0.03316,0.00448333333333333,0.0728,0.0772833333333333,9.42333333333333,0,0,0,0,0,0
"24725","sosvanut",2016,8,0.0445833333333333,0.0494833333333333,0.00621666666666667,0.127316666666667,0.133533333333333,13.9516666666667,0,0,0,0,0,0
"24726","sosvanut",2016,9,NA,NA,NA,NA,NA,6.48666666666667,NA,NA,NA,NA,NA,0
"24727","sosvanut",2016,10,0.0327,0.0797,0.00603333333333333,0.26735,0.273383333333333,2.92833333333333,0,0,0,0,0,0
"24728","sosvanut",2016,11,0.0152,0.0382333333333333,0.00328333333333333,0.388716666666667,0.392,1.60833333333333,0,0,0,0,0,0
"24729","sosvanut",2016,12,0.02485,0.0269666666666667,0.00528333333333333,0.177416666666667,0.1827,1.96166666666667,0,0,0,0,0,0
"24730","sosvanut",2017,1,0.0193,0.0284333333333333,0.0042,0.2228,0.227,0.993333333333333,0,0,0,0,0,0
"24731","sosvanut",2017,2,0.0182333333333333,0.03885,0.00353333333333333,0.2548,0.258333333333333,0.881666666666667,0,0,0,0,0,0
"24732","sosvanut",2017,3,0.01455,0.0226333333333333,0.0018,0.123616666666667,0.125416666666667,2.34166666666667,0,0,0,0,0,0
"24733","sosvanut",2017,4,0.01685,0.02054,0.00236666666666667,0.0671166666666667,0.0694833333333333,3.23833333333333,0,0,0,0,0,0
"24734","sosvanut",2017,5,0.0261666666666667,0.0226833333333333,0.00311666666666667,0.0989166666666667,0.102033333333333,10.744,0,0,0,0,0,0
"24735","sosvanut",2017,6,0.0165333333333333,0.00645,0.00131666666666667,0.0103,0.0104166666666667,8.2,0,0,0,0,1,0
"24736","sosvanut",2017,7,0.0393,0.0519333333333333,0.00545,0.134666666666667,0.140116666666667,19.085,0,0,0,0,0,0
"24737","sosvanut",2017,8,NA,NA,NA,NA,NA,1.866,NA,NA,NA,NA,NA,0
"24738","sosvanut",2017,9,0.04025,0.07696,0.0069,0.1139,0.1208,3.61666666666667,0,0,0,0,0,0
"24739","sosvanut",2017,10,NA,NA,NA,NA,NA,1.45166666666667,NA,NA,NA,NA,NA,0
"24740","sosvanut",2017,11,0.0323166666666667,0.0502833333333333,0.00536666666666667,0.185433333333333,0.1908,1.93166666666667,0,0,0,0,0,0
"24741","sosvanut",2017,12,NA,NA,NA,NA,NA,1.63166666666667,NA,NA,NA,NA,NA,0
"24742","sosvanut",2018,1,0.0198166666666667,0.0328833333333333,0.00306666666666667,0.1114,0.114466666666667,2.28166666666667,0,0,0,0,0,0
"24743","sosvanut",2018,2,0.0248333333333333,0.028425,0.00476666666666667,0.131,0.135766666666667,2.32833333333333,0,0,0,0,0,0
"24744","sosvanut",2018,3,0.0146166666666667,0.0249333333333333,0.00188333333333333,0.0834166666666667,0.0853,0.921666666666667,0,0,0,0,0,0
"24745","sosvanut",2018,4,0.0217333333333333,0.0160666666666667,0.00298333333333333,0.125283333333333,0.128266666666667,5.23666666666667,0,0,0,0,0,0
"24746","sosvanut",2018,5,0.0259333333333333,0.0403166666666667,0.00278333333333333,0.04585,0.0486333333333333,9.25166666666667,0,0,0,0,0,0
"24747","sosvanut",2018,6,0.03565,0.0297833333333333,0.00475,0.12195,0.1267,6.95333333333333,0,0,0,0,0,0
"24748","sosvanut",2018,7,0.0561833333333333,0.04294,0.00683333333333333,0.214066666666667,0.2209,6.76,0,0,0,0,0,0
"24749","sosvanut",2018,8,0.0548,0.06916,0.00581666666666667,0.177166666666667,0.182983333333333,NA,0,0,0,0,0,NA
"24750","sosvanut",2018,9,NA,NA,NA,NA,NA,3.53166666666667,NA,NA,NA,NA,NA,0
"24751","sosvanut",2018,10,NA,NA,NA,NA,NA,2.385,NA,NA,NA,NA,NA,0
"24752","sosvanut",2018,11,0.0459833333333333,0.0354666666666667,0.00576666666666667,0.20505,0.210816666666667,NA,0,0,0,0,0,NA
"24753","sosvanut",2018,12,NA,NA,NA,NA,NA,1.01833333333333,NA,NA,NA,NA,NA,0
"24754","sosvanut",2019,1,0.0237666666666667,0.0316166666666667,0.00688333333333333,0.1573,0.164166666666667,NA,0,0,0,0,0,NA
"24755","sosvanut",2019,2,0.0201833333333333,0.0210333333333333,0.00353333333333333,0.16645,0.170016666666667,NA,0,0,0,0,0,NA
"24756","sosvanut",2019,3,0.0169166666666667,0.0155833333333333,0.00226666666666667,0.0436166666666667,0.0458833333333333,NA,0,1,0,0,0,NA
"24757","sosvanut",2019,4,NA,NA,NA,NA,NA,NA,NA,NA,NA,NA,NA,NA
"24758","sosvanut",2019,5,0.0224833333333333,0.0438166666666667,0.00296666666666667,0.05785,0.0608166666666667,NA,0,0,0,0,0,NA
"24759","sosvanut",2019,6,0.03095,0.0389166666666667,0.00256666666666667,0.0244833333333333,0.0261833333333333,NA,0,0,0,1,1,NA
"24760","sosvanut",2019,7,0.04885,0.0576,0.00526666666666667,0.1171,0.122383333333333,NA,0,0,0,0,0,NA
"24761","sosvanut",2019,8,0.0458166666666667,0.0596,0.006,0.0754666666666667,0.0814333333333333,NA,0,0,0,0,0,NA
"24762","sosvanut",2019,9,NA,NA,NA,NA,NA,NA,NA,NA,NA,NA,NA,NA
"24763","sosvanut",2019,10,NA,NA,NA,NA,NA,NA,NA,NA,NA,NA,NA,NA
"24764","sosvanut",2019,11,NA,NA,NA,NA,NA,2.80833333333333,NA,NA,NA,NA,NA,0
"24765","sosvanut",2019,12,NA,NA,NA,NA,NA,1.18666666666667,NA,NA,NA,NA,NA,0
"24766","sosvanut",2020,1,NA,NA,NA,NA,NA,1.995,NA,NA,NA,NA,NA,0
"24767","sosvanut",2020,2,0.0245833333333333,0.0228333333333333,0.0025,0.112316666666667,0.114816666666667,3.02666666666667,0,0,0,0,0,0
"24768","sosvanut",2020,3,NA,NA,NA,NA,NA,NA,NA,NA,NA,NA,NA,NA
"24769","sosvanut",2020,4,NA,NA,NA,NA,NA,8.27666666666667,NA,NA,NA,NA,NA,0
"24770","sosvanut",2020,5,0.0198,0.0312833333333333,0.00286666666666667,0.0393833333333333,0.0422,NA,0,0,1,0,0,NA
"24771","sosvanut",2020,6,0.0258666666666667,0.0167833333333333,0.00376666666666667,0.0246,0.0283666666666667,NA,0,0,0,0,0,NA
"24772","sosvanut",2020,7,0.0495666666666667,0.0357666666666667,0.0058,0.210316666666667,0.216133333333333,NA,0,0,0,0,0,NA
"24773","sosvanut",2020,8,0.0556166666666667,0.0719,0.0062,0.1899,0.1961,6.95,0,0,0,0,0,0
"24774","sosvanut",2020,9,NA,NA,NA,NA,NA,4.76666666666667,NA,NA,NA,NA,NA,0
"24775","sosvanut",2020,10,0.0435333333333333,0.0636833333333333,0.00561666666666667,0.157066666666667,0.162716666666667,2.195,0,0,0,0,0,0
"24776","sosvanut",2020,11,NA,NA,NA,NA,NA,NA,NA,NA,NA,NA,NA,NA
"24777","sosvanut",2020,12,NA,NA,NA,NA,NA,NA,NA,NA,NA,NA,NA,NA
"24778","sosvanut",2021,1,0.0291166666666667,0.03285,0.00544,0.189666666666667,0.195233333333333,NA,0,0,0,0,0,NA
"24779","sosvanut",2021,2,0.0242166666666667,0.0377,0.0026,0.227966666666667,0.230566666666667,1.42166666666667,0,0,0,0,0,0
"24780","sosvanut",2021,3,0.0169166666666667,0.0221333333333333,0.00223333333333333,0.115966666666667,0.13395,3.39333333333333,0,0,1,0,0,0
"24781","sosvanut",2021,4,NA,NA,NA,NA,NA,7.29333333333333,NA,NA,NA,NA,NA,0
"24782","sosvanut",2021,5,0.0226666666666667,0.0253666666666667,0.0025,0.0230333333333333,0.0201166666666667,14.185,0,0,1,0,1,0
"24783","sosvanut",2021,6,NA,NA,NA,NA,NA,3.345,NA,NA,NA,NA,NA,0
"24784","sosvanut",2021,7,0.0430666666666667,0.03535,0.00635,0.107216666666667,0.113566666666667,2.91,0,0,0,0,0,0
"24785","sosvanut",2021,8,NA,NA,NA,NA,NA,3.15333333333333,NA,NA,NA,NA,NA,0
"24786","sosvanut",2021,9,NA,NA,NA,NA,NA,3.96833333333333,NA,NA,NA,NA,NA,0
"24787","sosvanut",2021,10,0.0358166666666667,0.0546833333333333,0.00481666666666667,0.0805166666666667,0.0853333333333333,2.915,0,0,0,0,0,0
"24788","sosvanut",2021,11,NA,NA,NA,NA,NA,NA,NA,NA,NA,NA,NA,NA
"24789","sosvanut",2021,12,NA,NA,NA,NA,NA,1.465,NA,NA,NA,NA,NA,0
"24790","sosvanut",2022,1,0.032,0.0372166666666667,0.00505,0.1734,0.17845,2.005,0,0,0,0,0,0
"24791","sosvanut",2022,3,0.0206909090909091,0.0237454545454545,0.002175,0.0660583333333333,0.0682333333333333,6.21833333333333,0,0,0,0,0,0
"24792","sosvanut",2022,4,0.02265,0.0498,0.00216666666666667,0.0434166666666667,0.0455833333333333,NA,0,0,0,0,0,NA
"24793","sosvanut",2022,5,NA,NA,NA,NA,NA,5.605,NA,NA,NA,NA,NA,0
"24794","sosvanut",2022,6,0.0196666666666667,0.00823333333333333,0.00168333333333333,0.028025,0.02135,8.175,0,0,0,0,1,0
"24795","sosvanut",2022,7,NA,NA,NA,NA,NA,11.348,NA,NA,NA,NA,NA,0
"24796","sosvanut",2022,8,NA,NA,NA,NA,NA,3.88,NA,NA,NA,NA,NA,0
"24797","sosvanut",2022,9,0.0444333333333333,0.0584833333333333,0.00728333333333333,0.1281,0.135383333333333,3.298,0,0,0,0,0,0
"24798","sosvanut",2022,10,NA,NA,NA,NA,NA,7.83833333333333,NA,NA,NA,NA,NA,0
"24799","sosvanut",2022,11,NA,NA,NA,NA,NA,NA,NA,NA,NA,NA,NA,NA
"24800","sosvanut",2022,12,0.0288666666666667,0.02555,0.00376666666666667,0.117983333333333,0.12175,2.275,0,0,0,0,0,0
"24801","soswinut",2002,6,0.0074,0.0478666666666667,0.00196666666666667,0.112233333333333,0.1142,4.65,0,0,0,0,0,0
"24802","soswinut",2002,7,0.0522,0.0640666666666667,0.00416666666666667,0.0185333333333333,0.0227,NA,0,0,0,0,0,NA
"24803","soswinut",2002,8,NA,NA,NA,NA,NA,4.11,NA,NA,NA,NA,NA,0
"24804","soswinut",2002,9,0.00566666666666667,0.0725666666666667,0.00343333333333333,0.0308666666666667,0.0343,2.09,0,0,0,0,0,0
"24805","soswinut",2002,10,0.00766666666666667,0.0857666666666667,0.00313333333333333,0.0816333333333333,0.0847666666666667,2.14333333333333,0,0,0,0,0,0
"24806","soswinut",2002,11,0.00386666666666667,0.0748666666666667,0.002,NA,0.1379,0.963333333333333,0,0,0,NA,0,0
"24807","soswinut",2003,1,0.00326666666666667,0.0147333333333333,8e-04,NA,0.810766666666667,0.293333333333333,0,0,0,NA,0,0
"24808","soswinut",2003,2,0.0023,0.0174333333333333,0.00106666666666667,NA,0.591533333333333,0.706666666666667,0,0,0,NA,0,0
"24809","soswinut",2003,3,0.00176666666666667,0.0175333333333333,5e-04,NA,0.630033333333333,0.62,0,0,0,NA,0,0
"24810","soswinut",2003,4,6e-04,0.0211333333333333,0.000333333333333333,0.493533333333333,0.493866666666667,0.663333333333333,1,0,0,0,0,0
"24811","soswinut",2003,5,0.00376666666666667,0.0352666666666667,9e-04,0.2107,0.2116,1.41333333333333,0,0,0,0,0,0
"24812","soswinut",2003,6,NA,NA,NA,NA,NA,1.3,NA,NA,NA,NA,NA,0
"24813","soswinut",2003,7,NA,NA,NA,NA,NA,1.76333333333333,NA,NA,NA,NA,NA,0
"24814","soswinut",2003,8,NA,NA,NA,NA,NA,2.39,NA,NA,NA,NA,NA,0
"24815","soswinut",2003,9,NA,NA,NA,NA,NA,0.803333333333333,NA,NA,NA,NA,NA,0
"24816","soswinut",2003,10,0.0075,0.0698333333333333,0.0031,0.0778,0.0809,0.646666666666667,0,0,0,0,0,0
"24817","soswinut",2003,11,NA,NA,NA,NA,NA,0.68,NA,NA,NA,NA,NA,0
"24818","soswinut",2003,12,NA,NA,NA,NA,NA,0.45,NA,NA,NA,NA,NA,0
"24819","soswinut",2004,1,0.00146666666666667,0.0180666666666667,0.000533333333333333,NA,0.5315,0.36,0,0,0,NA,0,0
"24820","soswinut",2004,2,0.00376666666666667,0.0128333333333333,0.00106666666666667,NA,0.522866666666667,0.223333333333333,0,0,0,NA,0,0
"24821","soswinut",2004,3,0.0036,0.0092,0.00106666666666667,0.372566666666667,0.373633333333333,0.883333333333333,0,0,0,0,0,0
"24822","soswinut",2004,4,NA,NA,NA,NA,NA,3.85,NA,NA,NA,NA,NA,0
"24823","soswinut",2004,5,NA,NA,NA,NA,NA,3.97333333333333,NA,NA,NA,NA,NA,0
"24824","soswinut",2004,6,NA,NA,NA,NA,NA,3.63,NA,NA,NA,NA,NA,0
"24825","soswinut",2004,7,NA,NA,NA,NA,NA,3.60333333333333,NA,NA,NA,NA,NA,0
"24826","soswinut",2004,8,NA,NA,NA,NA,NA,3.964,NA,NA,NA,NA,NA,0
"24827","soswinut",2004,9,NA,NA,NA,NA,NA,3.15333333333333,NA,NA,NA,NA,NA,0
"24828","soswinut",2004,10,NA,NA,NA,NA,NA,5.135,NA,NA,NA,NA,NA,0
"24829","soswinut",2004,11,NA,NA,NA,NA,NA,1.88333333333333,NA,NA,NA,NA,NA,0
"24830","soswinut",2004,12,NA,NA,NA,NA,NA,0.908333333333333,NA,NA,NA,NA,NA,0
"24831","soswinut",2005,1,NA,NA,NA,NA,NA,0.286666666666667,NA,NA,NA,NA,NA,0
"24832","soswinut",2005,2,0.0029,0.0255666666666667,4e-04,NA,0.4924,0.546666666666667,0,0,0,NA,0,0
"24833","soswinut",2005,3,NA,NA,NA,0.282266666666667,NA,0.903333333333333,NA,NA,NA,0,NA,0
"24834","soswinut",2005,4,NA,NA,NA,0.730666666666667,NA,0.453333333333333,NA,NA,NA,0,NA,0
"24835","soswinut",2005,5,0.00216666666666667,0.0231333333333333,1e-04,NA,0.0021,0.506666666666667,0,0,1,NA,1,0
"24836","soswinut",2005,6,NA,NA,NA,NA,NA,0.53,NA,NA,NA,NA,NA,0
"24837","soswinut",2005,7,0.00533333333333333,0.0388,0.0012,0.1272,0.1284,4.42,0,0,0,0,0,0
"24838","soswinut",2005,8,NA,NA,NA,NA,NA,0.953333333333333,NA,NA,NA,NA,NA,0
"24839","soswinut",2005,9,0.00623333333333333,0.06,9e-04,0.0853666666666667,0.0862666666666667,0.89,0,0,0,0,0,0
"24840","soswinut",2005,10,0.00523333333333333,0.0452666666666667,0.0017,NA,0.310166666666667,0.916666666666667,0,0,0,NA,0,0
"24841","soswinut",2005,11,0.0035,0.0104666666666667,0.00163333333333333,NA,0.4405,0.5,0,0,0,NA,0,0
"24842","soswinut",2005,12,0.00243333333333333,0.0202,0.000466666666666667,0.785333333333333,0.7858,0.34,0,0,0,0,0,0
"24843","soswinut",2006,1,0.0013,0.0205666666666667,1e-04,NA,0.7356,0.25,0,0,1,NA,0,0
"24844","soswinut",2006,2,NA,NA,NA,NA,NA,0.306666666666667,NA,NA,NA,NA,NA,0
"24845","soswinut",2006,3,NA,NA,NA,NA,NA,0.436666666666667,NA,NA,NA,NA,NA,0
"24846","soswinut",2006,4,0.00496666666666667,0.015,0.00136666666666667,NA,0.522966666666667,1.18666666666667,0,0,0,NA,0,0
"24847","soswinut",2006,5,NA,NA,NA,NA,NA,1.005,NA,NA,NA,NA,NA,0
"24848","soswinut",2006,6,NA,NA,NA,NA,NA,1.24333333333333,NA,NA,NA,NA,NA,0
"24849","soswinut",2006,7,NA,NA,NA,NA,NA,10.41,NA,NA,NA,NA,NA,0
"24850","soswinut",2006,8,NA,NA,NA,NA,NA,21.5933333333333,NA,NA,NA,NA,NA,0
"24851","soswinut",2006,9,NA,NA,NA,NA,NA,1.86,NA,NA,NA,NA,NA,0
"24852","soswinut",2006,10,NA,NA,NA,NA,NA,0.84,NA,NA,NA,NA,NA,0
"24853","soswinut",2006,11,0.00513333333333333,0.0172666666666667,0.0013,NA,0.612566666666667,0.48,0,0,0,NA,0,0
"24854","soswinut",2006,12,NA,NA,NA,NA,NA,0.646666666666667,NA,NA,NA,NA,NA,0
"24855","soswinut",2007,1,0.00776666666666667,0.0276333333333333,0.00133333333333333,0.323933333333333,0.325266666666667,0.291666666666667,1,0,0,0,0,0
"24856","soswinut",2007,2,0.0078,0.0302333333333333,0.00136666666666667,0.204533333333333,0.2059,1.78833333333333,1,0,0,0,0,0
"24857","soswinut",2007,3,0.00218333333333333,0.0259166666666667,0.000466666666666667,0.338816666666667,0.339283333333333,0.628333333333333,0,0,0,0,0,0
"24858","soswinut",2007,4,0.00476666666666667,0.0143666666666667,0.00106666666666667,0.2355,0.236566666666667,2.89166666666667,0,0,0,0,0,0
"24859","soswinut",2007,5,0.00383333333333333,0.0297666666666667,0.000883333333333333,0.17785,0.178733333333333,1.77666666666667,0,0,0,0,0,0
"24860","soswinut",2007,6,0.00825,0.0133666666666667,0.00133333333333333,0.0354833333333333,0.0368166666666667,NA,0,0,0,0,0,NA
"24861","soswinut",2007,7,0.0105,0.00976666666666667,0.0023,0.028,0.0303,3.3725,0,1,0,0,0,0
"24862","soswinut",2007,8,0.0167166666666667,0.0485833333333333,0.00381666666666667,0.0272333333333333,0.03105,2.24333333333333,0,0,0,0,0,0
"24863","soswinut",2007,9,0.0181833333333333,0.04855,0.0032,0.0427166666666667,0.0459166666666667,1.615,0,0,0,0,0,0
"24864","soswinut",2007,10,0.0196833333333333,0.0651166666666667,0.00398333333333333,0.191966666666667,0.19595,0.148333333333333,0,0,0,0,0,0
"24865","soswinut",2007,11,0.0193833333333333,0.0362166666666667,0.00375,0.42905,0.4328,0.0816666666666667,0,0,0,0,0,0
"24866","soswinut",2007,12,0.00315,0.0113666666666667,0.00128333333333333,0.621716666666667,0.623,0.54,0,0,0,0,0,0
"24867","soswinut",2008,1,0.0188333333333333,0.0375,0.004,0.361666666666667,0.365333333333333,0.253333333333333,0,0,0,0,0,0
"24868","soswinut",2008,2,0.0165,0.0225,0.00233333333333333,0.301833333333333,0.304166666666667,0.423333333333333,0,0,0,0,0,0
"24869","soswinut",2008,3,0.01,0.0305,0.003,0.268,0.270666666666667,1.025,0,0,0,0,0,0
"24870","soswinut",2008,4,0.008,0.0162,0.002,0.2338,0.2354,0.773333333333333,0,0,0,0,0,0
"24871","soswinut",2008,5,0.0065,0.0248333333333333,0.0015,0.106166666666667,0.1075,1.94166666666667,0,0,0,0,0,0
"24872","soswinut",2008,6,0.0128333333333333,0.018,0.0015,0.0582,0.0598,0.435,0,0,0,0,0,0
"24873","soswinut",2008,7,0.0186666666666667,0.0241666666666667,0.0015,0.0351666666666667,0.0371666666666667,0.976666666666667,0,0,0,0,0,0
"24874","soswinut",2008,8,0.0271666666666667,0.0606666666666667,0.005,0.0878333333333333,0.0928333333333333,2.136,0,0,0,0,0,1
"24875","soswinut",2008,9,0.0288333333333333,0.0648333333333333,0.003,0.0566666666666667,0.0601666666666667,1.06,0,0,0,0,0,0
"24876","soswinut",2008,10,0.01192,0.0426,0.003,0.072,0.075,0.58,1,0,0,0,0,0
"24877","soswinut",2008,11,0.018,0.0495,0.00366666666666667,0.2355,0.238666666666667,1.34666666666667,0,0,0,0,0,0
"24878","soswinut",2008,12,0.0183333333333333,0.051,0.0035,0.175666666666667,0.179,0.568333333333333,0,0,0,0,0,0
"24879","soswinut",2009,1,0.00783333333333333,0.00868333333333333,0.0015,0.304833333333333,0.306333333333333,0.596666666666667,0,1,0,0,0,0
"24880","soswinut",2009,2,0.0105,0.0166666666666667,0.00233333333333333,0.293,0.295333333333333,0.578333333333333,0,0,0,0,0,0
"24881","soswinut",2009,3,0.00333333333333333,0.00716666666666667,0.001,0.484666666666667,0.485666666666667,0.33,0,0,0,0,0,0
"24882","soswinut",2009,4,0.0085,0.0203333333333333,0.00116666666666667,0.2585,0.259666666666667,0.846666666666667,0,0,0,0,0,0
"24883","soswinut",2009,5,0.013,0.0291666666666667,0.00183333333333333,0.121333333333333,0.123166666666667,1.48666666666667,0,0,0,0,0,0
"24884","soswinut",2009,6,0.0185,0.0253333333333333,0.0015,0.0616666666666667,0.0631666666666667,2.99666666666667,0,0,0,0,0,0
"24885","soswinut",2009,7,0.0138333333333333,0.0191666666666667,0.00116666666666667,0.041,0.0421666666666667,1.26833333333333,0,0,0,0,0,0
"24886","soswinut",2009,8,0.0165,0.064,0.002,0.0353333333333333,0.0373333333333333,4.20166666666667,0,0,0,0,0,0
"24887","soswinut",2009,9,0.0163333333333333,0.104166666666667,0.0045,0.0708333333333333,0.0753333333333333,1.38,0,0,0,0,0,0
"24888","soswinut",2009,10,0.012,0.0695,0.0035,0.191,0.1945,0.678333333333333,0,0,0,0,0,0
"24889","soswinut",2009,12,0.0141666666666667,0.0433333333333333,0.00333333333333333,0.517333333333333,0.520666666666667,0.596666666666667,0,0,0,0,0,0
"24890","soswinut",2010,1,NA,NA,NA,NA,NA,NA,NA,NA,NA,NA,NA,NA
"24891","soswinut",2010,2,NA,NA,NA,NA,NA,NA,NA,NA,NA,NA,NA,NA
"24892","soswinut",2010,4,0.00225,0.004125,0.001,0.64375,0.644875,NA,0,0,0,0,0,NA
"24893","soswinut",2010,5,NA,NA,NA,NA,NA,NA,NA,NA,NA,NA,NA,NA
"24894","soswinut",2010,6,NA,NA,NA,NA,NA,NA,NA,NA,NA,NA,NA,NA
"24895","soswinut",2010,7,NA,NA,NA,NA,NA,NA,NA,NA,NA,NA,NA,NA
"24896","soswinut",2010,8,NA,NA,NA,NA,NA,NA,NA,NA,NA,NA,NA,NA
"24897","soswinut",2010,10,0.011,0.00916666666666667,0.0035,0.0835,0.0871666666666667,NA,0,0,0,0,0,NA
"24898","soswinut",2010,11,NA,NA,NA,NA,NA,NA,NA,NA,NA,NA,NA,NA
"24899","soswinut",2010,12,NA,NA,NA,NA,NA,0.252,NA,NA,NA,NA,NA,0
"24900","soswinut",2011,2,0.00443333333333333,0.01505,0.00216666666666667,0.30305,NA,0.52,0,1,0,0,NA,0
"24901","soswinut",2011,3,0.00173333333333333,0.00359166666666667,0.000775,0.634375,NA,0.170833333333333,0,0,0,0,NA,0
"24902","soswinut",2011,4,0.00118333333333333,0.0188333333333333,0.000666666666666667,0.325666666666667,NA,0.813333333333333,1,0,0,0,NA,0
"24903","soswinut",2011,5,0.0033,0.0378666666666667,0.00163333333333333,0.165066666666667,NA,0.701666666666667,1,0,0,0,NA,0
"24904","soswinut",2011,6,0.0114666666666667,0.0295666666666667,0.00211666666666667,0.0956833333333333,NA,0.811666666666667,0,0,0,0,NA,0
"24905","soswinut",2011,7,0.0111333333333333,0.0167166666666667,0.00196666666666667,0.0419833333333333,NA,4.85333333333333,0,0,0,0,NA,0
"24906","soswinut",2011,8,0.0133,0.0226666666666667,0.00195,0.039,NA,1.365,0,1,0,0,NA,0
"24907","soswinut",2011,9,0.0309166666666667,0.0855833333333333,0.00458333333333333,0.0462833333333333,NA,1.2,0,0,0,0,NA,0
"24908","soswinut",2011,11,0.00773333333333333,0.055575,0.00394166666666667,0.271441666666667,NA,0.497,0,0,0,0,NA,0
"24909","soswinut",2011,12,0.0129,0.0278333333333333,0.00383333333333333,0.158116666666667,NA,0.525,0,0,0,0,NA,0
"24910","soswinut",2012,1,0.003,0.0114666666666667,0.001,0.569,0.57,0.303333333333333,0,0,0,0,0,0
"24911","soswinut",2012,2,0.00133333333333333,0.0188666666666667,0.001,0.559333333333333,0.560333333333333,0.376666666666667,0,0,0,0,0,0
"24912","soswinut",2012,3,0.00266666666666667,0.00863333333333333,0.001,0.583333333333333,0.584333333333333,0.25,0,0,0,0,0,0
"24913","soswinut",2012,4,0.00266666666666667,0.00446666666666667,0.00133333333333333,0.311,0.312666666666667,0.356666666666667,0,1,0,0,0,0
"24914","soswinut",2012,5,0.00533333333333333,0.0119333333333333,0.001,0.216333333333333,0.217666666666667,0.533333333333333,0,0,0,0,0,0
"24915","soswinut",2012,6,0.014,0.0166,0.002,0.016,0.0173333333333333,0.896666666666667,0,0,0,0,0,0
"24916","soswinut",2012,7,0.00766666666666667,0.0239333333333333,0.00133333333333333,0.0963333333333333,0.0976666666666667,0.636666666666667,0,0,0,0,0,0
"24917","soswinut",2012,8,0.004,0.0247,0.002,0.0563333333333333,0.0583333333333333,1.41666666666667,0,0,0,0,0,0
"24918","soswinut",2012,9,0.00666666666666667,0.0363666666666667,0.002,0.0486666666666667,0.0506666666666667,1.82666666666667,0,0,0,0,0,0
"24919","soswinut",2012,10,0.00533333333333333,0.0193666666666667,0.002,0.557666666666667,0.56,0.31,0,0,0,0,0,0
"24920","soswinut",2012,11,0.00366666666666667,0.0089,0.001,0.504666666666667,0.506,0.226666666666667,0,0,0,0,0,0
"24921","soswinut",2012,12,0.004,0.0098,0.001,0.374666666666667,0.375666666666667,0.265,0,0,0,0,0,0
"24922","soswinut",2013,1,0.00493333333333333,0.0150333333333333,0.00128333333333333,0.294266666666667,0.29555,0.546,0,0,0,0,0,0
"24923","soswinut",2013,2,0.00461666666666667,0.0128333333333333,0.001,0.340516666666667,0.341533333333333,0.238333333333333,0,0,0,0,0,0
"24924","soswinut",2013,3,0.00545,0.0150333333333333,0.0017,0.23965,0.24135,1.84666666666667,0,0,0,0,0,0
"24925","soswinut",2013,4,0.0190333333333333,0.0228333333333333,0.00233333333333333,0.0823,0.0845666666666667,NA,0,0,0,0,0,NA
"24926","soswinut",2013,5,0.0104166666666667,0.0211,0.00246666666666667,0.212716666666667,0.215166666666667,1.225,0,0,0,0,0,0
"24927","soswinut",2013,6,0.0115833333333333,0.0142333333333333,0.00196666666666667,0.0491,0.0510833333333333,3.85666666666667,0,0,0,0,0,0
"24928","soswinut",2013,7,0.0198666666666667,0.0284,0.00166666666666667,0.03335,0.0350166666666667,3.11833333333333,0,0,0,0,0,0
"24929","soswinut",2013,8,0.026,0.0450666666666667,0.00273333333333333,0.02805,0.0307666666666667,3.05333333333333,0,0,0,0,0,0
"24930","soswinut",2013,9,0.0261833333333333,0.101166666666667,0.00761666666666667,0.0644333333333333,0.0720166666666667,1.752,0,0,0,0,0,0
"24931","soswinut",2013,10,0.0171333333333333,0.06365,0.00436666666666667,0.1274,0.131766666666667,1.84833333333333,0,0,0,0,0,0
"24932","soswinut",2013,11,0.01835,0.0562333333333333,0.00388333333333333,0.152516666666667,0.1564,1.785,0,0,0,0,0,0
"24933","soswinut",2013,12,0.0154666666666667,0.0330833333333333,0.00335,0.29595,0.299316666666667,0.446666666666667,0,0,0,0,0,0
"24934","soswinut",2014,1,NA,NA,NA,NA,NA,NA,NA,NA,NA,NA,NA,NA
"24935","soswinut",2014,2,NA,NA,NA,NA,NA,NA,NA,NA,NA,NA,NA,NA
"24936","soswinut",2014,3,NA,NA,NA,NA,NA,NA,NA,NA,NA,NA,NA,NA
"24937","soswinut",2014,4,NA,NA,NA,NA,NA,NA,NA,NA,NA,NA,NA,NA
"24938","soswinut",2014,5,NA,NA,NA,NA,NA,NA,NA,NA,NA,NA,NA,NA
"24939","soswinut",2014,6,NA,NA,NA,NA,NA,NA,NA,NA,NA,NA,NA,NA
"24940","soswinut",2014,7,NA,NA,NA,NA,NA,NA,NA,NA,NA,NA,NA,NA
"24941","soswinut",2014,8,NA,NA,NA,NA,NA,NA,NA,NA,NA,NA,NA,NA
"24942","soswinut",2014,10,NA,NA,NA,NA,NA,NA,NA,NA,NA,NA,NA,NA
"24943","soswinut",2014,11,NA,NA,NA,NA,NA,NA,NA,NA,NA,NA,NA,NA
"24944","soswinut",2014,12,NA,NA,NA,NA,NA,NA,NA,NA,NA,NA,NA,NA
"24945","soswinut",2015,1,NA,NA,NA,NA,NA,0.383333333333333,NA,NA,NA,NA,NA,0
"24946","soswinut",2015,2,NA,NA,NA,NA,NA,0.396666666666667,NA,NA,NA,NA,NA,0
"24947","soswinut",2015,3,NA,NA,NA,NA,NA,NA,NA,NA,NA,NA,NA,NA
"24948","soswinut",2015,4,NA,NA,NA,NA,NA,NA,NA,NA,NA,NA,NA,NA
"24949","soswinut",2015,5,NA,NA,NA,NA,NA,NA,NA,NA,NA,NA,NA,NA
"24950","soswinut",2015,6,NA,NA,NA,NA,NA,NA,NA,NA,NA,NA,NA,NA
"24951","soswinut",2015,7,NA,NA,NA,NA,NA,1.29166666666667,NA,NA,NA,NA,NA,0
"24952","soswinut",2015,8,NA,NA,NA,NA,NA,NA,NA,NA,NA,NA,NA,NA
"24953","soswinut",2015,9,NA,NA,NA,NA,NA,NA,NA,NA,NA,NA,NA,NA
"24954","soswinut",2015,10,NA,NA,NA,NA,NA,1.95,NA,NA,NA,NA,NA,0
"24955","soswinut",2015,11,NA,NA,NA,NA,NA,NA,NA,NA,NA,NA,NA,NA
"24956","soswinut",2015,12,NA,NA,NA,NA,NA,NA,NA,NA,NA,NA,NA,NA
"24957","soswinut",2016,1,NA,NA,NA,NA,NA,NA,NA,NA,NA,NA,NA,NA
"24958","soswinut",2016,2,0.00775,0.0141,0.00168333333333333,0.372333333333333,0.374016666666667,NA,0,0,0,0,0,NA
"24959","soswinut",2016,3,0.00445,0.00935,0.00211666666666667,0.396083333333333,0.3982,NA,0,0,0,0,0,NA
"24960","soswinut",2016,4,0.00823333333333333,0.0327166666666667,0.00155,0.184733333333333,0.186283333333333,1.225,0,0,0,0,0,0
"24961","soswinut",2016,5,0.0082,0.0226666666666667,0.00158333333333333,0.143333333333333,0.144916666666667,2.215,0,0,0,0,0,0
"24962","soswinut",2016,6,0.0203666666666667,0.0674666666666667,0.00438333333333333,0.0813166666666667,0.0857,3.2,0,0,0,0,0,0
"24963","soswinut",2016,7,0.0218833333333333,0.0441333333333333,0.00465,0.0852333333333333,0.0898833333333333,5.312,0,0,0,0,0,0
"24964","soswinut",2016,8,0.01906,0.115933333333333,0.00578333333333333,0.09615,0.101933333333333,8.26333333333333,0,0,0,0,0,0
"24965","soswinut",2016,9,NA,NA,NA,NA,NA,5.14,NA,NA,NA,NA,NA,0
"24966","soswinut",2016,10,0.01585,0.0136833333333333,0.0043,1.1249,1.1292,1.63,0,0,0,0,0,0
"24967","soswinut",2016,11,0.00566666666666667,0.00763333333333333,0.00165,0.607683333333333,0.609333333333333,0.368333333333333,0,0,0,0,0,0
"24968","soswinut",2016,12,0.0122166666666667,0.02535,0.0024,0.338183333333333,0.340583333333333,0.49,0,0,0,0,0,0
"24969","soswinut",2017,1,0.0081,0.022,0.00213333333333333,0.38395,0.386083333333333,0.553333333333333,0,0,0,0,0,0
"24970","soswinut",2017,2,0.0055,0.0111,0.00145,0.499883333333333,0.501333333333333,0.258333333333333,0,0,0,0,0,0
"24971","soswinut",2017,3,0.00601666666666667,0.00961666666666667,0.00198333333333333,0.360633333333333,0.362616666666667,0.53,0,0,0,0,0,0
"24972","soswinut",2017,4,0.0088,0.02628,0.00205,0.205616666666667,0.207666666666667,1.46166666666667,0,0,0,0,0,0
"24973","soswinut",2017,5,0.00998333333333333,0.0326666666666667,0.00203333333333333,0.168116666666667,0.17015,4.07666666666667,0,0,0,0,0,0
"24974","soswinut",2017,6,0.00991666666666667,0.0354,0.00223333333333333,0.142633333333333,0.144866666666667,2.035,0,0,0,0,0,0
"24975","soswinut",2017,7,0.02165,0.06955,0.00411666666666667,0.0989166666666667,0.103033333333333,2.735,0,0,0,0,0,0
"24976","soswinut",2017,8,NA,NA,NA,NA,NA,0.296666666666667,NA,NA,NA,NA,NA,0
"24977","soswinut",2017,9,0.0265333333333333,0.0725,0.00493333333333333,0.10665,0.111583333333333,1.88833333333333,0,0,0,0,0,0
"24978","soswinut",2017,10,NA,NA,NA,NA,NA,0.778333333333333,NA,NA,NA,NA,NA,0
"24979","soswinut",2017,11,0.0133333333333333,0.03375,0.0029,0.3907,0.3936,1.08166666666667,0,0,0,0,0,0
"24980","soswinut",2017,12,NA,NA,NA,NA,NA,0.52,NA,NA,NA,NA,NA,0
"24981","soswinut",2018,1,0.00901666666666667,0.0252,0.00246666666666667,0.38585,0.388316666666667,1.205,0,0,0,0,0,0
"24982","soswinut",2018,2,0.0108,0.0243833333333333,0.00228333333333333,0.320416666666667,0.3227,0.9,0,0,0,0,0,0
"24983","soswinut",2018,3,0.00625,0.0159,0.00148333333333333,0.290616666666667,0.2921,0.296666666666667,0,0,0,0,0,0
"24984","soswinut",2018,4,0.00653333333333333,0.0138333333333333,0.00175,0.257366666666667,0.259116666666667,1.31833333333333,0,0,0,0,0,0
"24985","soswinut",2018,5,0.00838333333333333,0.02815,0.00198333333333333,0.1131,0.115083333333333,4.65833333333333,0,0,0,0,0,0
"24986","soswinut",2018,6,0.0137166666666667,0.0541833333333333,0.00378,0.0774833333333333,0.0811,4.32666666666667,0,0,0,0,0,0
"24987","soswinut",2018,7,0.0184166666666667,0.0363,0.00431666666666667,0.0529333333333333,0.05725,8.68666666666667,0,0,0,0,0,0
"24988","soswinut",2018,8,0.0184833333333333,0.09285,0.00498333333333333,0.0700166666666667,0.075,NA,0,0,0,0,0,NA
"24989","soswinut",2018,9,NA,NA,NA,NA,NA,5.84,NA,NA,NA,NA,NA,0
"24990","soswinut",2018,10,NA,NA,NA,NA,NA,3.36166666666667,NA,NA,NA,NA,NA,0
"24991","soswinut",2018,11,0.01665,0.051875,0.00298,0.0888166666666667,0.0921,NA,0,0,0,0,0,NA
"24992","soswinut",2018,12,NA,NA,NA,NA,NA,1.195,NA,NA,NA,NA,NA,0
"24993","soswinut",2019,1,0.00728333333333333,0.01405,0.00148333333333333,0.409116666666667,0.410616666666667,NA,0,0,0,0,0,NA
"24994","soswinut",2019,2,0.00578333333333333,0.00791666666666667,0.00135,0.4614,0.462766666666667,NA,0,0,0,0,0,NA
"24995","soswinut",2019,3,0.013,0.0159166666666667,0.0018,0.1728,0.17455,NA,0,0,0,0,0,NA
"24996","soswinut",2019,4,NA,NA,NA,NA,NA,NA,NA,NA,NA,NA,NA,NA
"24997","soswinut",2019,5,0.00935,0.0620333333333333,0.00211666666666667,0.109383333333333,0.111533333333333,NA,0,0,0,0,0,NA
"24998","soswinut",2019,6,0.00671666666666667,0.0144,0.00165,0.0383833333333333,0.0393833333333333,NA,0,1,0,1,1,NA
"24999","soswinut",2019,7,0.0189666666666667,0.0166166666666667,0.00481666666666667,0.0366333333333333,0.0414666666666667,NA,0,1,0,0,0,NA
"25000","soswinut",2019,8,0.0238,0.0985333333333333,0.00631666666666667,0.0625666666666667,0.0688666666666667,NA,0,0,0,0,0,NA
"25001","soswinut",2019,9,NA,NA,NA,NA,NA,NA,NA,NA,NA,NA,NA,NA
"25002","soswinut",2019,10,NA,NA,NA,NA,NA,NA,NA,NA,NA,NA,NA,NA
"25003","soswinut",2019,11,NA,NA,NA,NA,NA,2.70333333333333,NA,NA,NA,NA,NA,0
"25004","soswinut",2019,12,NA,NA,NA,NA,NA,1.07333333333333,NA,NA,NA,NA,NA,0
"25005","soswinut",2020,1,NA,NA,NA,NA,NA,0.876666666666667,NA,NA,NA,NA,NA,0
"25006","soswinut",2020,2,0.00653333333333333,0.0176333333333333,0.0021,0.292616666666667,0.293883333333333,0.763333333333333,0,0,1,0,0,0
"25007","soswinut",2020,3,NA,NA,NA,NA,NA,NA,NA,NA,NA,NA,NA,NA
"25008","soswinut",2020,4,NA,NA,NA,NA,NA,2.65333333333333,NA,NA,NA,NA,NA,0
"25009","soswinut",2020,5,0.00376666666666667,0.0156166666666667,0.0021,0.315866666666667,0.317066666666667,NA,0,0,1,0,0,NA
"25010","soswinut",2020,6,0.0167,0.0548333333333333,0.0035,0.0935,0.0969833333333333,NA,0,0,0,0,0,NA
"25011","soswinut",2020,7,0.0239,0.0568166666666667,0.00458333333333333,0.107083333333333,0.111683333333333,NA,0,0,0,0,0,NA
"25012","soswinut",2020,8,0.0338,0.109566666666667,0.0058,0.142166666666667,0.147966666666667,5.452,0,0,0,0,0,0
"25013","soswinut",2020,9,NA,NA,NA,NA,NA,6.30333333333333,NA,NA,NA,NA,NA,0
"25014","soswinut",2020,10,0.03118,0.0967,0.00533333333333333,0.11165,0.117016666666667,5.09,0,0,0,0,0,0
"25015","soswinut",2020,11,NA,NA,NA,NA,NA,NA,NA,NA,NA,NA,NA,NA
"25016","soswinut",2020,12,NA,NA,NA,NA,NA,NA,NA,NA,NA,NA,NA,NA
"25017","soswinut",2021,1,0.0150666666666667,0.0306166666666667,0.00326666666666667,0.224166666666667,0.298383333333333,NA,0,0,1,0,0,NA
"25018","soswinut",2021,2,0.00556666666666667,0.0105833333333333,0.0021,NA,0.432216666666667,0.545,0,0,1,NA,0,0
"25019","soswinut",2021,3,0.0046,0.00673333333333333,0.0021,NA,0.448783333333333,0.925,0,0,1,NA,0,0
"25020","soswinut",2021,4,NA,NA,NA,NA,NA,3.53,NA,NA,NA,NA,NA,0
"25021","soswinut",2021,5,0.0238666666666667,0.0448,0.00246666666666667,0.0263333333333333,0.0288,6.30333333333333,0,0,0,0,0,0
"25022","soswinut",2021,6,NA,NA,NA,NA,NA,2.54166666666667,NA,NA,NA,NA,NA,0
"25023","soswinut",2021,7,0.02325,0.06805,0.00458333333333333,0.1087,0.113283333333333,1.71666666666667,0,0,0,0,0,0
"25024","soswinut",2021,8,NA,NA,NA,NA,NA,2.59666666666667,NA,NA,NA,NA,NA,0
"25025","soswinut",2021,9,NA,NA,NA,NA,NA,2.424,NA,NA,NA,NA,NA,0
"25026","soswinut",2021,10,0.02335,0.0527333333333333,0.00448333333333333,0.213216666666667,0.2177,2.245,0,0,0,0,0,0
"25027","soswinut",2021,11,NA,NA,NA,NA,NA,NA,NA,NA,NA,NA,NA,NA
"25028","soswinut",2021,12,NA,NA,NA,NA,NA,0.406666666666667,NA,NA,NA,NA,NA,0
"25029","soswinut",2022,1,0.00598333333333333,0.0231166666666667,0.00165,0.281516666666667,0.283166666666667,0.538333333333333,0,0,0,0,0,0
"25030","soswinut",2022,3,0.00856363636363636,0.0282583333333333,0.00260833333333333,0.21055,0.21322,2.88333333333333,1,0,0,0,0,0
"25031","soswinut",2022,4,0.00471666666666667,0.02136,0.00151666666666667,0.25835,0.259866666666667,NA,0,0,0,0,0,NA
"25032","soswinut",2022,5,NA,NA,NA,NA,NA,1.56333333333333,NA,NA,NA,NA,NA,0
"25033","soswinut",2022,6,0.0109166666666667,0.02706,0.00246666666666667,0.110783333333333,0.11325,2.795,0,0,0,0,0,0
"25034","soswinut",2022,7,NA,NA,NA,NA,NA,7.74,NA,NA,NA,NA,NA,0
"25035","soswinut",2022,8,NA,NA,NA,NA,NA,3.75333333333333,NA,NA,NA,NA,NA,0
"25036","soswinut",2022,9,0.0297333333333333,0.0778666666666667,0.00653333333333333,0.1036,0.110133333333333,3.02666666666667,0,0,0,0,0,0
"25037","soswinut",2022,10,NA,NA,NA,NA,NA,3.552,NA,NA,NA,NA,NA,0
"25038","soswinut",2022,11,NA,NA,NA,NA,NA,NA,NA,NA,NA,NA,NA,NA
"25039","soswinut",2022,12,0.0137666666666667,0.0285,0.00233333333333333,0.239316666666667,0.24165,1.92833333333333,0,0,0,0,0,0
